Data Source,World Development Indicators,,,,,,,,,,,,,,,,,,,,,,,,,,,,,,,,,,,,,,,,,,,,,,,,,,,,,,,,,,,,,,,,,,,
,,,,,,,,,,,,,,,,,,,,,,,,,,,,,,,,,,,,,,,,,,,,,,,,,,,,,,,,,,,,,,,,,,,,
Last Updated Date,07/10/2025,,,,,,,,,,,,,,,,,,,,,,,,,,,,,,,,,,,,,,,,,,,,,,,,,,,,,,,,,,,,,,,,,,,
,,,,,,,,,,,,,,,,,,,,,,,,,,,,,,,,,,,,,,,,,,,,,,,,,,,,,,,,,,,,,,,,,,,,
Country Name,Country Code,Indicator Name,Indicator Code,1960,1961,1962,1963,1964,1965,1966,1967,1968,1969,1970,1971,1972,1973,1974,1975,1976,1977,1978,1979,1980,1981,1982,1983,1984,1985,1986,1987,1988,1989,1990,1991,1992,1993,1994,1995,1996,1997,1998,1999,2000,2001,2002,2003,2004,2005,2006,2007,2008,2009,2010,2011,2012,2013,2014,2015,2016,2017,2018,2019,2020,2021,2022,2023,2024
Aruba,ABW,Adjusted net national income per capita (current US$),NY.ADJ.NNTY.PC.CD,,,,,,,,,,,,,,,,,,,,,,,,,,,6012.030629,7222.694891,8812.503609,10218.96203,10896.27557,11848.68117,12414.40968,13041.86453,14262.99637,14572.28327,14590.02887,15480.91172,16674.16091,16789.73399,18299.4365,17979.88819,17619.87186,19081.50108,20422.22429,16794.38682,21180.05948,20093.67245,24097.94671,21733.07462,20212.24394,20565.93526,21395.33463,21530.67793,22415.99325,23278.82273,23167.71231,23716.23787,24187.06646,26027.01712,20584.79126,24724.86657,,,
Africa Eastern and Southern,AFE,Adjusted net national income per capita (current US$),NY.ADJ.NNTY.PC.CD,,,,,,,,,,,,,,,,,,,,,,558.7150202,506.7975223,535.2566044,482.1968086,381.3133362,408.9241575,492.5017379,519.5968702,529.273238,570.6455993,595.9329854,576.0802597,558.1875142,550.9251845,608.6119821,599.4232439,616.2560147,565.0660755,547.9930874,571.5485079,494.6506572,489.417348,645.6719361,786.3491888,878.766042,937.455585,1000.661281,979.3218443,1068.49685,1220.233998,1323.053048,1326.057821,1310.155272,1326.712853,1222.007579,1154.554761,1298.116409,1241.674597,1212.689013,1098.092611,1214.873282,,,
Afghanistan,AFG,Adjusted net national income per capita (current US$),NY.ADJ.NNTY.PC.CD,,,,,,,,,,,147.7091692,150.7729626,128.2964889,135.1514125,163.3700303,173.5770681,183.1253164,207.4270499,227.6383106,253.8805717,257.8226321,272.9789921,,,,,,,,,,,,,,,,,,,,,,,,,,,,403.4111835,505.2301926,566.6681005,605.7520037,597.356158,575.9168154,548.9684545,484.8905897,497.4060287,466.5706016,468.4035058,475.7180842,340.5232436,,,
Africa Western and Central,AFW,Adjusted net national income per capita (current US$),NY.ADJ.NNTY.PC.CD,,,,,,,,,,,195.8317563,138.5799898,162.2968279,193.7833815,241.0715814,290.1882329,348.3614055,346.8296215,379.7111527,389.932726,512.2947712,1100.949265,967.515142,681.4242054,539.1701322,526.8190935,487.1789026,472.4637501,465.7207781,388.3253936,439.7090682,433.8231654,419.6120311,331.6589833,284.1519847,348.8368597,376.6183518,374.0587539,387.5744004,405.7962373,358.3556564,389.3091727,466.7551954,518.0335015,614.5808609,714.1569143,951.8969526,1072.393054,1255.710567,1138.739925,1250.203273,1344.995067,1451.219388,1642.527119,1797.193227,1553.654158,1366.270211,1286.956899,1382.675005,1412.167673,1374.44486,1393.442318,,,
Angola,AGO,Adjusted net national income per capita (current US$),NY.ADJ.NNTY.PC.CD,,,,,,,,,,,,,,,,,,,,,,,,,,555.9114938,570.5396472,494.1499306,467.0027254,676.7862379,572.3317583,696.5527203,76.48380711,90.24376393,15.73257865,183.8594834,211.6031686,269.4488697,256.4460556,166.3965805,201.4089879,254.3159217,553.3066851,659.9269231,779.4727561,1019.352642,1377.047505,1478.406325,1516.98612,1870.287448,1874.74828,2463.654719,2865.333338,3185.33364,3486.7531,2371.995619,1206.043537,1500.335741,1506.725371,1327.803449,1100.217496,1231.925133,,,
Albania,ALB,Adjusted net national income per capita (current US$),NY.ADJ.NNTY.PC.CD,,,,,,,,,,,,,,,,,,,,,,,,,511.604864,511.1375156,571.5454314,550.3898885,520.8048564,560.4326684,491.2078281,250.8831676,136.0545678,316.1284321,508.9523164,669.0436495,914.5730379,643.2158946,749.0727864,949.0971593,1038.956686,1186.743383,1308.216552,1699.392489,2171.04442,2437.80155,2742.933611,3229.977202,3830.340927,3517.609153,3509.842739,3753.965485,3522.372857,3757.696946,3844.277141,3277.788243,3467.34757,3729.968219,4340.919854,4361.999293,4322.549675,5262.913596,,,
Andorra,AND,Adjusted net national income per capita (current US$),NY.ADJ.NNTY.PC.CD,,,,,,,,,,,,,,,,,,,,,,,,,,,,,,,,,,,,,,,,,,,,,,,,,,,,,,,,,,,,,,,,,
Arab World,ARB,Adjusted net national income per capita (current US$),NY.ADJ.NNTY.PC.CD,,,,,,,,,,,,,,,,,,,,,1406.247444,1531.780033,1538.224811,1427.554092,1387.068879,1338.189107,1311.878731,1322.279041,1302.078611,1303.713275,1711.767712,1647.266515,1773.456952,1731.243354,1712.378309,1850.813576,1953.159003,2080.184185,2017.244949,2151.657508,2318.137071,2256.192918,2236.35783,2368.115421,2715.232281,3163.274303,3699.555752,4258.673189,5128.379928,4575.864692,5202.451087,5351.763026,5788.839786,5816.731123,5871.906568,5219.88246,5132.950125,5138.894119,5327.295739,5301.294209,4727.762086,,,,
United Arab Emirates,ARE,Adjusted net national income per capita (current US$),NY.ADJ.NNTY.PC.CD,,,,,,,,,,,,,,,,,,,,,,,,,,,,,,,,,,,,,,,,,27273.95916,25741.30835,24733.51634,26025.96668,29367.58922,32829.55682,37719.5311,39986.85417,42200.7742,32273.1224,37615.07529,43434.61702,45968.15224,46197.41041,46014.76242,39877.41804,38136.52009,38984.69671,41349.34596,40195.69186,33903.43422,,,,
Argentina,ARG,Adjusted net national income per capita (current US$),NY.ADJ.NNTY.PC.CD,,,,,,,,,,,1198.502983,1305.18069,1299.397751,1971.966443,2648.516696,1893.952704,1785.785794,1944.397992,1945.741877,2223.865942,2404.413032,2391.517873,2470.894556,3019.564714,2260.957682,2484.67288,3168.211815,3099.956383,3479.594945,1921.610283,3682.870087,5022.478448,6055.313416,6175.975671,6561.210053,6373.774484,6673.011206,7048.462521,7085.449926,6523.528907,6406.185254,5979.263761,1987.686879,2692.266409,3194.708234,3797.818405,4876.985775,6089.635145,7545.533787,6808.995877,8565.366297,10604.58155,10774.09297,10811.86987,10181.06897,11668.43637,10789.07524,12508.82601,9844.101641,8237.698119,7241.030302,9092.085608,,,
Armenia,ARM,Adjusted net national income per capita (current US$),NY.ADJ.NNTY.PC.CD,,,,,,,,,,,,,,,,,,,,,,,,,,,,,,,,,,,,390.6365066,426.7380678,454.3713151,519.540562,509.5720332,516.2363965,575.0368276,644.4542727,775.370298,1012.34514,1404.7499,1871.853888,2742.264435,3546.084236,2583.616131,2758.458143,2999.033604,3172.034408,3409.886713,3524.890871,3150.669544,3108.22045,3475.204348,3687.291522,4019.858444,3617.03199,3790.564809,,,
American Samoa,ASM,Adjusted net national income per capita (current US$),NY.ADJ.NNTY.PC.CD,,,,,,,,,,,,,,,,,,,,,,,,,,,,,,,,,,,,,,,,,,,,,,,,,,,,,,,,,,,,,,,,,
Antigua and Barbuda,ATG,Adjusted net national income per capita (current US$),NY.ADJ.NNTY.PC.CD,,,,,,,,,,,,,,,,,,,,,,,,,,,,,,,,,,,,,,,,,,,,,,,,,,,,,,,,,,,,,,,,,
Australia,AUS,Adjusted net national income per capita (current US$),NY.ADJ.NNTY.PC.CD,,,,,,,,,,,2692.518584,2843.539996,3265.218037,3961.972558,5350.45667,5800.844572,6205.38118,6336.90328,6735.988549,7428.288832,8172.988546,9728.451801,10258.18128,9380.934154,10074.81506,9142.596003,9054.964452,9257.534951,11456.17924,14164.7447,14199.38386,14632.70862,14470.31004,13945.39832,14441.53945,16118.04654,17458.73875,18756.0527,17083.68285,16493.57603,17264.57483,15632.68728,16161.31835,18933.24808,24524.49803,26918.77948,28348.20664,31382.23936,38072.67519,33482.7319,40434.7357,48363.13547,53605.73872,53871.55493,48732.92493,44512.59603,39077.68932,42069.08515,44204.1255,42130.89464,40036.44582,45710.89045,,,
Austria,AUT,Adjusted net national income per capita (current US$),NY.ADJ.NNTY.PC.CD,,,,,,,,,,,1761.38358,2033.970761,2497.417791,3332.098712,3957.524192,4500.816852,4855.456556,5800.345869,6956.923372,8311.172615,9175.135294,7864.491315,7896.856165,8040.735666,7571.967499,7740.789041,11018.27676,13792.32398,14880.06437,14792.55803,18400.43006,18906.06152,20999.64742,20251.09894,21546.58456,25386.48873,25025.55342,22282.14526,22789.99869,22355.1945,20391.62387,20142.90999,21920.52198,26718.41844,30611.2492,31858.61604,33992.18043,39159.00578,43635.10993,39649.39482,39022.25616,42625.23735,39980.63084,41694.07141,42465.76661,35811.68578,37196.16775,38441.73272,41651.80739,40712.57534,39515.55741,43281.73348,,,
Azerbaijan,AZE,Adjusted net national income per capita (current US$),NY.ADJ.NNTY.PC.CD,,,,,,,,,,,,,,,,,,,,,,,,,,,,,,,,,,,,,,,447.7517644,427.7966536,382.1721725,456.2725017,572.6336182,673.1908687,761.0827362,947.1403907,1378.448165,2062.968932,3092.188039,3275.461603,4040.20531,4784.739454,5294.537688,5674.20814,6051.697062,4460.30161,3029.305999,3226.152448,3414.822967,3656.141682,3530.660537,3965.424396,,,
Burundi,BDI,Adjusted net national income per capita (current US$),NY.ADJ.NNTY.PC.CD,,,,,,,,,,,,,,,,,,,,,166.7894614,170.8231083,165.4106715,180.8450322,158.8404903,182.5904495,180.6575819,162.0147439,150.4629904,151.4529601,146.4913777,150.8792391,133.2556871,118.5669095,111.5473926,101.5970545,80.40690775,98.60971631,85.67079724,89.76412477,98.67287801,87.95653453,73.89874748,49.48817816,67.15201439,85.52508326,101.7074359,87.20474357,99.43077185,108.8844104,134.13015,140.0494194,159.1551922,164.079509,175.8240158,202.0450777,160.4994974,160.7895958,163.0881199,152.5862591,150.0321826,150.9325674,,,
Belgium,BEL,Adjusted net national income per capita (current US$),NY.ADJ.NNTY.PC.CD,,,,,,,,,,,2408.954213,2689.699253,3347.155611,4303.570426,5019.883325,5871.784156,6389.577484,7358.972852,8975.478712,10239.07882,10883.39472,8911.375435,7799.440502,7382.650522,7119.162823,7401.877397,10345.01426,12939.76773,14090.04185,14168.78998,17687.37227,18087.65477,20048.89093,19260.13287,21122.53918,24603.41062,23714.32395,21429.06745,21830.11966,21654.62471,19849.08633,19540.07128,21180.86237,25875.24573,29772.01408,30809.48264,32327.93156,36972.48912,40409.15791,36866.04911,36326.63933,38266.98374,36945.841,38766.03804,39529.63106,33799.73983,34528.49059,36341.19107,39046.70141,38340.122,36801.28174,41743.01428,,,
Benin,BEN,Adjusted net national income per capita (current US$),NY.ADJ.NNTY.PC.CD,,,,,,,,,,,,95.16617307,114.9443521,135.7320054,146.5108198,170.9594451,171.9307836,171.3734685,210.487977,270.7797062,310.5618602,279.4440883,251.9128595,212.5734887,194.5238793,195.3209709,240.0170118,273.3158169,275.2886794,238.7334985,303.8748208,299.3219101,231.7827232,311.3306251,193.1572534,254.3169944,268.4671463,254.8861627,271.4167227,420.9726941,394.7086343,408.8052416,463.4404611,578.5092631,652.4842283,675.7971681,701.279477,792.4322603,922.4571293,882.9768265,835.8037865,919.3505087,938.4780566,1038.962879,1075.709759,898.7970381,906.4334423,937.83574,1023.026103,1002.593298,1058.144905,1173.285653,,,
Burkina Faso,BFA,Adjusted net national income per capita (current US$),NY.ADJ.NNTY.PC.CD,,,,,,,,,,,,,,,,,,,,,262.4545366,234.1459842,224.2130937,197.5056684,174.693672,180.2381626,229.8768802,258.7635928,277.780007,270.3053247,312.1766062,307.7591355,321.1260151,298.0302718,170.150404,209.9779545,224.3066403,205.6060617,228.0068202,268.2256958,232.9184286,242.1196348,264.2750672,335.0136916,371.9202911,404.8564483,418.2713596,472.7316395,564.5841539,536.8762988,536.4078866,600.7477058,629.0124765,656.5531648,653.9370902,543.1460657,574.4594987,613.2867856,677.4041963,652.8998364,683.9393089,670.0551391,,,
Bangladesh,BGD,Adjusted net national income per capita (current US$),NY.ADJ.NNTY.PC.CD,,,,,,,,,,,,,,101.2161712,152.8502269,229.5547178,115.9156341,105.7215677,143.3236481,165.9749204,189.4306857,210.1850131,186.9667957,175.4358392,183.7700727,209.0150461,199.8401282,218.9703904,233.8591218,248.0962059,266.2185502,256.3323136,257.9853566,265.9119458,266.8326008,294.0210626,351.6817851,359.9798031,365.6769506,368.6316546,377.2716819,373.9454625,376.7162402,408.638011,437.7796636,461.1929336,472.399017,523.4476779,605.3081688,672.1106025,749.6170877,826.613898,853.6908001,949.5204786,1068.928497,1194.180107,1580.77342,1712.10431,1869.935743,2186.771894,2305.858345,2567.444321,,,
Bulgaria,BGR,Adjusted net national income per capita (current US$),NY.ADJ.NNTY.PC.CD,,,,,,,,,,,,,,,,,,,,,1895.491495,1903.681002,1848.261436,1587.358926,1685.612494,1638.178142,1933.192095,2667.056028,2092.520867,2031.310748,1831.42678,955.5230043,1029.51105,1079.92136,1001.333421,2062.436164,1321.489314,1231.070194,1600.716056,1439.822798,1373.015133,1546.245025,1857.505326,2371.187279,2944.821166,3338.792654,3734.94184,4613.521831,5971.739988,5759.802811,5620.271104,6408.16262,6243.723979,6516.286569,6784.311067,5981.340694,6449.499381,7250.142392,8115.855627,8608.714248,8797.593356,10690.31436,,,
Bahrain,BHR,Adjusted net national income per capita (current US$),NY.ADJ.NNTY.PC.CD,,,,,,,,,,,,,,,,,,,,,1950.708279,3400.641481,5574.662098,5923.696589,5349.633292,3528.652728,3329.104159,3265.754902,4162.472808,3742.652622,4750.972823,6675.302037,6313.179268,6579.861633,7098.242425,7612.475258,7484.584863,7443.228997,7650.258393,7363.956131,9632.069844,9423.389742,9323.675967,10177.56813,11138.51234,12370.43561,13343.34734,14993.40466,15798.9449,13040.12038,13750.01607,13337.42972,17582.54047,17578.94495,17356.5283,17082.53081,17718.31642,18086.80661,18232.26055,18906.70878,17252.75045,,,,
"Bahamas, The",BHS,Adjusted net national income per capita (current US$),NY.ADJ.NNTY.PC.CD,,,,,,,,,,,,,,,,,,,,,4905.920885,5046.906478,5630.743991,6104.821124,7100.85294,7984.865693,8333.969817,9097.012162,9354.06383,10201.47321,10175.19271,9853.270242,9991.115051,9555.644469,9816.115921,12175.86032,13826.25814,18749.77647,19851.55721,22179.94385,22871.5463,23129.12073,24499.14993,24223.51683,24444.9856,26202.63448,26525.71014,27374.56593,27088.21889,25106.33959,24819.00283,24499.03321,25926.43053,25023.33028,25846.8021,26904.54876,26745.59558,28368.90613,28200.15491,29667.73595,21910.30132,24896.44161,,,
Bosnia and Herzegovina,BIH,Adjusted net national income per capita (current US$),NY.ADJ.NNTY.PC.CD,,,,,,,,,,,,,,,,,,,,,,,,,,,,,,,,,,,264.44928,400.8517775,635.8159194,803.0299599,1137.067909,1227.64648,1353.686773,1382.439501,1565.226348,1931.592694,2421.982085,2574.549429,2937.618754,3561.935727,4460.062159,4156.505046,3979.791313,4300.627304,3976.011135,4294.747845,4374.136837,3879.896309,4098.323025,4436.294092,5018.399176,5104.820147,5099.284971,6019.153696,,,
Belarus,BLR,Adjusted net national income per capita (current US$),NY.ADJ.NNTY.PC.CD,,,,,,,,,,,,,,,,,,,,,,,,,,,,,,,,,1418.268532,1366.905724,1255.836847,1161.489445,1228.203715,1174.451672,1284.186051,1021.484073,1077.723417,1057.56631,1261.966857,1558.584872,2024.722184,2676.137274,3274.491393,4001.68209,5353.01906,4480.508001,5017.310263,5460.295895,5735.83109,6490.271127,6842.255225,4824.419478,4055.47952,4690.779612,5139.384723,5563.113009,5200.944075,5812.021741,,,
Belize,BLZ,Adjusted net national income per capita (current US$),NY.ADJ.NNTY.PC.CD,,,,,,,,,,,,,,,,,,,,,1257.137806,1209.756843,1055.134451,1091.180082,1185.713999,1135.524155,1246.918462,1483.459732,1656.950793,1863.894927,2751.722015,2926.556136,3314.498622,3508.796172,3542.181894,3673.886585,3718.810579,3685.257285,3727.274066,3767.306985,3731.063011,3716.464198,3835.018878,3849.334812,3923.968508,4027.62753,4130.160749,4166.88711,3983.438466,4069.969924,3910.153095,4048.758406,4209.029233,4499.948912,4666.687565,4961.389643,4904.168825,4791.120508,4682.794601,4827.922323,4225.900436,4880.641882,,,
Bermuda,BMU,Adjusted net national income per capita (current US$),NY.ADJ.NNTY.PC.CD,,,,,,,,,,,,,,,,,,,,,,,,,,,,,,,,,,,,,,,,,,,,,,,,,,,,,,,,,,,,,,,,,
Bolivia,BOL,Adjusted net national income per capita (current US$),NY.ADJ.NNTY.PC.CD,,,,,,,,,,,,,,,,,467.9595777,529.2882007,588.8203632,646.6525405,615.6337959,820.0755962,759.5082731,725.6150804,818.457296,706.851422,509.7388307,551.636467,566.4476833,565.2215218,578.1834988,639.1658078,670.0248607,668.9868115,682.7578035,752.5781899,820.1958748,865.0935561,920.619925,861.8444712,834.4268399,806.6448154,767.4845299,755.4963911,782.371859,815.8392583,943.7014162,1073.294503,1381.635114,1453.72776,1582.732487,1845.87183,1972.184963,2202.047588,2386.034637,2532.414506,2618.281113,2764.057011,2907.081576,2940.944319,2652.860747,2656.573859,,,
Brazil,BRA,Adjusted net national income per capita (current US$),NY.ADJ.NNTY.PC.CD,,,,,,,,,,,396.6177039,452.1186666,526.2000589,689.5340757,889.9271775,1007.081124,1211.775648,1356.682948,1497.938808,1635.882427,1638.086387,1778.527981,1836.624679,1270.700455,1284.454943,1116.177881,1369.263366,1469.000743,1615.335453,2172.414331,2159.554126,1888.213248,1779.048595,1962.240246,2739.973075,4110.386446,4524.069094,4559.436206,4311.469212,2867.965365,3082.358375,2580.69995,2305.239756,2494.659058,2976.648295,3898.867573,4830.410553,6067.297819,7170.015988,6936.075263,8878.024676,10260.08084,9351.31113,9456.544249,9242.577872,6666.747079,6565.206981,7642.228743,6984.288498,6818.492046,5367.949034,5775.839583,,,
Barbados,BRB,Adjusted net national income per capita (current US$),NY.ADJ.NNTY.PC.CD,,,,,,,,,,,,,,,,,,,,,,,,,,,5364.873969,5876.583487,6256.10517,6985.151836,6898.128889,6941.315308,6756.666898,7073.668605,7346.554004,7416.735481,7876.217744,8357.531694,9459.008881,9826.677817,10176.20599,10099.03918,10165.3018,10378.57302,11080.61403,12129.94112,13035.79231,14675.71108,14762.86674,13917.3744,14253.34072,13877.00418,14143.53995,14314.01514,14329.17093,14307.73421,14571.04953,15021.33355,15277.06165,15878.52517,14376.07645,14760.30253,,,
Brunei Darussalam,BRN,Adjusted net national income per capita (current US$),NY.ADJ.NNTY.PC.CD,,,,,,,,,,,,,,,,,,,,,,,,,,,,,,8377.002223,9057.526589,10614.38985,11380.53072,10830.96047,10656.48102,12023.66137,12342.98313,12249.84344,10078.98936,10667.72659,12227.59797,11969.64402,12463.58127,13345.76664,15506.38088,17689.05141,20105.55347,22117.33253,26276.58883,21015.53441,24906.51152,31018.03037,33074.54307,33009.28335,31081.4866,25218.02373,23292.71976,23827.933,23571.7042,23965.6857,22157.41968,22736.00679,,,
Bhutan,BTN,Adjusted net national income per capita (current US$),NY.ADJ.NNTY.PC.CD,,,,,,,,,,,,,,,,,,,,,183.2246164,191.1913327,166.1731676,182.9380147,215.0777148,220.5147158,246.0552747,330.8311896,377.8757802,381.2218866,400.9376099,312.4686154,309.8009725,313.4779152,379.7922628,397.0689274,422.2003579,510.7041025,476.2583921,486.4467166,630.662966,675.7306982,738.8536813,827.0679343,918.7226013,1065.630572,1157.686131,1490.053117,1529.152594,1503.24734,1800.593586,2040.565998,2002.649333,1989.027209,2135.13951,2194.601147,2295.347808,2610.161909,2618.652833,2913.822943,2724.888887,2945.360817,,,
Botswana,BWA,Adjusted net national income per capita (current US$),NY.ADJ.NNTY.PC.CD,,,,,,,,,,,,188.7768408,225.9754524,315.0987375,365.5020356,398.8356405,388.6118612,456.0961147,585.8090668,767.7135689,910.2323214,987.9879028,882.2965823,929.8876466,899.4331194,788.2735199,959.0440423,1246.699126,1658.245744,1875.266149,2446.769198,2555.586952,2645.314989,2710.16848,2336.665185,2638.599521,2531.623483,2671.440746,2674.93544,2774.718916,2808.352787,2772.071356,2339.138773,2949.436481,3354.746714,3932.405703,3850.600831,4105.802633,4053.781767,3900.709246,4662.32762,5818.838323,5391.613169,5307.631622,5578.067306,4758.559277,4762.375707,5052.441727,5140.361571,5277.733063,4911.421975,5455.567399,,,
Central African Republic,CAF,Adjusted net national income per capita (current US$),NY.ADJ.NNTY.PC.CD,,,,,,,,,,,,,,,,,,,,,274.7743765,245.3678106,258.4347862,222.1093899,215.3076383,294.4019585,374.2381386,386.0976311,401.9182362,386.4302993,439.9081694,408.6473618,405.0857861,353.4716658,231.1775373,297.425446,256.3607466,235.6646018,238.0154332,242.5406695,215.6995661,216.6734711,226.5462414,255.0228652,277.0270677,287.0006474,308.2190123,352.4320491,400.1730959,419.2832342,435.5575338,477.61026,485.4919537,305.9026408,337.77415,305.4455,324.0134356,376.674065,399.4516288,393.0234506,392.5273224,417.4338142,,,
Canada,CAN,Adjusted net national income per capita (current US$),NY.ADJ.NNTY.PC.CD,,,,,,,,,,,3414.622294,3758.307738,4257.451046,4839.689668,5712.946183,6148.625044,7231.924597,7288.631412,7439.306745,7922.762841,8745.604821,9752.938458,9873.077907,10706.57485,11097.10982,11332.25897,11704.98716,13252.82964,15354.49805,16740.82894,17207.34317,17586.4766,16735.0911,16170.20994,16017.94416,16619.92658,17002.69984,17542.88896,16794.22927,17868.20003,19386.44541,18986.18294,19537.08101,22686.55397,26003.16465,29229.89719,33132.78863,36533.91746,37787.14704,32986.0481,38678.18059,42617.97406,43024.4508,43054.54265,41608.03615,35364.11911,34318.54492,36906.31172,37828.31686,37785.72761,34953.03636,41986.23286,,,
Central Europe and the Baltics,CEB,Adjusted net national income per capita (current US$),NY.ADJ.NNTY.PC.CD,,,,,,,,,,,,,,,,,,,,,,,,,,,,,,,,,,1850.754479,2202.408294,2849.046412,3029.240176,2996.867625,3310.653519,3195.887982,3170.934799,3504.012112,3971.351801,4732.659947,5674.781435,6718.502656,7570.66097,9564.106192,11813.60092,9929.149916,10077.57184,11084.17538,10467.51435,11002.93494,11415.90852,10120.11584,10332.30041,11569.57729,13104.85204,13369.04379,13383.31527,15387.51655,,,
Switzerland,CHE,Adjusted net national income per capita (current US$),NY.ADJ.NNTY.PC.CD,,,,,,,,,,,,,,,,,,,,,,,,,,,,,,,,,,,,40553.48825,39111.01516,34659.04431,35760.72323,34989.61588,32930.97966,32248.52753,33733.79299,40939.39319,45346.77969,48033.98179,50174.76229,51128.29794,52789.14023,55813.21022,63191.04315,70650.7603,68518.98936,69446.63099,68999.91811,66347.41616,63668.84894,63071.25022,63208.82709,62588.33618,62971.41617,69631.65824,,,
Channel Islands,CHI,Adjusted net national income per capita (current US$),NY.ADJ.NNTY.PC.CD,,,,,,,,,,,,,,,,,,,,,,,,,,,,,,,,,,,,,,,,,,,,,,,,,,,,,,,,,,,,,,,,,
Chile,CHL,Adjusted net national income per capita (current US$),NY.ADJ.NNTY.PC.CD,,,,,,,,,,,786.8990873,951.919081,1033.707767,1392.227421,1267.996536,539.8458987,739.4046633,1038.148153,1178.637849,1588.30333,2102.10126,2482.115725,1677.098115,1267.058194,1179.788182,963.5009089,1057.965528,1268.148518,1442.584519,1627.161606,1840.083243,2164.997193,2661.093826,2865.024657,3198.167142,4066.738332,4322.11624,4689.675995,4543.358635,4029.115206,4063.581006,3729.042747,3620.26408,3792.256009,4532.811833,5511.82242,6177.909164,6979.392164,7650.161019,7591.880292,9447.952267,10496.04266,11767.17728,12389.67046,11572.41285,11170.85481,11021.32454,11698.30222,12043.82629,11461.20313,9720.749788,11116.89571,,,
China,CHN,Adjusted net national income per capita (current US$),NY.ADJ.NNTY.PC.CD,,,,,,,,,,,103.3596302,108.4353594,119.8133292,142.4782907,141.6270502,154.9927372,140.8634962,157.5154036,131.6705135,147.3852392,150.7808982,153.1197218,162.3961732,185.5742238,210.7053808,250.5615194,244.9805983,216.8455618,247.8239806,268.5569643,270.421448,289.2443657,321.187928,327.6820552,411.6317536,520.405932,604.9111422,666.8033694,699.7297879,733.2327388,798.0253834,876.8712486,965.1136191,1084.077736,1246.471517,1428.787145,1700.974006,2168.19689,2703.096789,3041.782139,3487.258993,4132.672201,4770.263182,5239.785134,5753.408668,6012.718649,6078.485222,6658.943735,7331.859806,7470.113815,7510.442656,9015.348004,,,
Cote d'Ivoire,CIV,Adjusted net national income per capita (current US$),NY.ADJ.NNTY.PC.CD,,,,,,,,,,,,256.3880748,288.2151106,370.9593574,440.0367618,526.2916279,605.5111563,783.5501665,928.5648055,1006.534129,1070.655668,830.4044661,715.1880178,595.4751072,591.9630068,565.2483924,741.4988852,772.2889215,756.589216,659.9563091,693.131904,663.5293546,688.9944153,652.3499851,488.567912,632.259723,666.1222931,631.0119808,669.0908066,631.6694332,501.3867097,504.5245288,539.8930305,638.8569708,700.5349243,748.0692725,749.700478,852.0641748,996.2450882,996.0788264,1005.800805,982.6118286,1040.716009,1183.405123,1894.472682,1715.603416,1720.588157,1783.15387,1947.71214,1929.045074,1972.115482,2164.043178,,,
Cameroon,CMR,Adjusted net national income per capita (current US$),NY.ADJ.NNTY.PC.CD,,,,,,,,,,,,154.8760714,182.5757939,203.3950501,221.8655818,293.1907923,289.6318825,276.8707495,462.2313051,567.0079812,518.5592039,558.8116292,595.6676058,604.1460302,634.0313002,715.7797941,1055.653338,1083.987075,1001.059926,811.3690328,831.1118718,784.8802989,783.1864107,1070.714647,540.9925524,641.0987241,634.7792248,601.6249759,644.8496236,649.934671,548.3479015,562.9872054,628.3217891,807.7237058,943.0570026,920.4293547,961.6339182,1050.962142,1161.889827,1190.313688,1109.361062,1182.039544,1122.02923,1239.555523,1324.675829,1147.733922,1175.441758,1213.088552,1309.376635,1268.70514,1285.527495,1377.092232,,,
"Congo, Dem. Rep.",COD,Adjusted net national income per capita (current US$),NY.ADJ.NNTY.PC.CD,,,,,,,,,,,,,,,,,,,,,,,,,,,,,,,,,,,72.49825775,50.04717595,57.5838051,65.70436089,64.65937396,49.63547688,293.7623682,91.2159335,107.4976375,93.16146125,116.1126043,133.5107751,165.8420787,176.0919447,187.9457729,176.9281302,212.8009824,238.5158355,262.8283924,287.5938605,292.446628,314.5802622,320.3196093,314.2501527,398.4549715,445.4385346,397.0828078,327.8098533,,,
"Congo, Rep.",COG,Adjusted net national income per capita (current US$),NY.ADJ.NNTY.PC.CD,,,,,,,,,,,158.5949798,179.5183809,217.6227007,259.759034,225.5013951,324.8171497,293.5469087,285.3269169,300.2569658,343.4094389,516.2830256,726.0157121,814.4759396,641.3557562,609.6067501,572.7893284,561.908122,600.6671623,416.3394427,306.766081,276.9354933,420.063066,456.8858645,290.4195723,209.7096425,22.77413948,34.39815582,103.9702925,179.1179551,119.4388072,4.835067454,75.22228439,102.1348278,203.5489303,193.6293101,325.724009,463.4305942,605.5079598,760.9712587,933.9085135,1046.879948,935.7287468,1507.981464,1926.896187,2126.773459,1463.932608,1161.754419,859.931916,1036.392719,869.8960694,764.0292039,1069.208061,,,
Colombia,COL,Adjusted net national income per capita (current US$),NY.ADJ.NNTY.PC.CD,,,,,,,,,,,287.2752561,306.0373098,333.1138748,391.8709793,452.869081,469.2647065,544.5963901,692.7290035,819.3934146,954.568241,1119.15033,1185.814969,1231.699559,1170.211436,1114.188142,981.1139017,971.087735,962.2334409,1041.386082,990.5982439,1177.661053,1225.962668,1451.411732,1647.21735,2012.802024,2215.250157,2244.358664,2423.709883,2211.245363,1839.689324,2063.862477,2036.011991,1992.91343,1870.687819,2262.718671,2797.277549,3038.605808,3853.666337,4376.987252,4280.981467,5121.888449,5701.3386,6333.716591,6548.41345,6588.061797,5260.868776,5070.85301,5446.607779,5630.586587,5391.534175,4605.788773,5127.309256,,,
Comoros,COM,Adjusted net national income per capita (current US$),NY.ADJ.NNTY.PC.CD,,,,,,,,,,,,,,,,,,,,,591.6811271,531.5752989,482.4287376,488.2201419,459.0972165,470.5043371,649.7548968,769.0790157,787.8793255,742.8926082,903.6294184,871.6932437,927.7417313,898.6140988,617.5268695,745.0800129,726.5235942,656.5887327,653.764627,668.8304315,605.1195664,640.5884632,702.8138897,881.8536403,1006.390325,1021.202026,1071.026224,1190.09957,1339.116903,1300.22322,1271.99789,1399.465636,1354.676173,1458.950417,1472.793388,1206.76011,1241.49323,1298.833296,1420.75982,1403.4939,1399.473105,1452.961979,,,
Cabo Verde,CPV,Adjusted net national income per capita (current US$),NY.ADJ.NNTY.PC.CD,,,,,,,,,,,,,,,,,,,,,,,,,,,,587.745379,653.744894,653.0639716,729.800357,738.1773405,804.1240071,1091.169941,879.2502984,1030.193188,1035.7261,996.7973461,1039.844153,1163.712623,1027.10501,1063.30526,1139.856511,1486.283018,1664.974319,1695.388374,1892.214157,2624.58579,3010.871316,2876.711426,2717.136914,3062.316794,2874.02049,3083.465694,3055.011176,2650.499569,2765.951793,2939.133213,3306.369116,3334.092873,2840.364161,3210.02754,,,
Costa Rica,CRI,Adjusted net national income per capita (current US$),NY.ADJ.NNTY.PC.CD,,,,,,,,,,,,506.9454424,558.9076635,680.1144445,726.7880852,824.6918387,989.9550736,1240.109443,1372.761838,1519.306316,1754.531616,861.7019346,790.8838721,1001.293696,1170.903036,1238.96803,1380.516339,1373.589103,1350.279676,1493.054872,1643.437465,2056.965096,2397.637999,2623.695407,2846.814697,3058.268143,3022.305714,3188.518248,3349.469158,3333.683947,3413.933822,3569.74284,3637.341362,3731.898365,3974.425871,4219.71286,4777.939573,5619.107137,6410.925829,6205.200799,7525.70741,8427.831673,9250.980911,9833.060348,9894.223728,10614.15739,10960.22077,11011.31106,11226.58729,11493.0208,10980.84397,11172.4316,,,
Caribbean small states,CSS,Adjusted net national income per capita (current US$),NY.ADJ.NNTY.PC.CD,,,,,,,,,,,,,,,,,,,,,2404.635562,2720.067855,3489.244362,3330.216667,3325.364121,3237.914384,2677.599871,2656.873876,2809.167379,2660.226777,2834.643274,2961.474417,3030.291488,2920.465331,3081.914019,3441.521671,3707.957263,4234.069018,4635.978915,4902.476392,5208.455039,5402.205424,5626.418963,6054.720843,6752.185895,7427.478121,8403.175446,9541.665391,11032.69958,8990.612185,9554.666164,9183.120535,9938.270767,10601.17967,11442.67747,11919.25376,10671.33153,11016.64368,10939.58722,11130.15718,9494.899881,10887.268,,,
Cuba,CUB,Adjusted net national income per capita (current US$),NY.ADJ.NNTY.PC.CD,,,,,,,,,,,575.6718125,687.3673764,795.886038,962.9138591,1085.00923,1216.873892,1275.522679,1303.211795,1627.515706,1772.706134,1781.936468,1792.731476,1849.957741,1947.398502,2092.044466,1959.910595,2055.374772,2118.250731,2287.09707,2233.383277,2343.838797,1977.128217,1792.242982,1812.219103,2281.127842,2398.609459,1954.162519,1974.670203,2009.023229,2198.365641,2338.771919,2439.795862,2581.884838,2759.432646,2915.300962,3263.984854,3740.409953,4022.414069,4228.496916,4318.125162,4438.656214,5164.666882,5495.469329,5830.573378,6107.338454,6645.266827,6957.900384,7366.416254,7586.049674,7891.258815,,,,,
Curacao,CUW,Adjusted net national income per capita (current US$),NY.ADJ.NNTY.PC.CD,,,,,,,,,,,,,,,,,,,,,,,,,,,,,,,,,,,,,,,,,,,,,,,,,,,,,,,,,,,,,,,,,
Cayman Islands,CYM,Adjusted net national income per capita (current US$),NY.ADJ.NNTY.PC.CD,,,,,,,,,,,,,,,,,,,,,,,,,,,,,,,,,,,,,,,,,,,,,,,,,,,,,,,,,,,,,,,,,
Cyprus,CYP,Adjusted net national income per capita (current US$),NY.ADJ.NNTY.PC.CD,,,,,,,,,,,,,,,,,1024.723022,1332.724243,1734.137451,2287.084961,3762.486572,3545.211914,3620.515869,3547.873779,3690.630615,3878.414795,4807.759766,5708.23291,6525.632324,6882.020996,8259.683594,8310.265625,9681.503906,9017.120117,9940.164063,12442.87402,12306.18262,11472.29199,13496.97461,12438.03906,11346.93066,11974.13574,13312.54785,17016.91992,19631.49219,20741.38281,22178.78711,25734.27734,30762.45703,28200.11719,26890.35352,29378.47852,25145.88867,23695.25586,22731.18359,20165.85156,20629.85742,22676.03906,24887.57031,24414.5918,22488.41602,24687.48242,,,
Czechia,CZE,Adjusted net national income per capita (current US$),NY.ADJ.NNTY.PC.CD,,,,,,,,,,,,,,,,,,,,,,,,,,,,,,,,,,3140.714534,3678.53485,4562.838161,5106.750494,4648.370186,5004.377319,4843.718726,4584.305928,5013.579634,6065.420888,7403.995126,8761.890754,10122.6888,11309.78525,13667.79678,16823.85389,14319.40418,14232.53146,15447.39968,14334.3443,14511.85955,14284.85669,12903.36809,13479.63918,15315.25211,17451.20067,17471.65529,16844.23511,19843.78291,,,
Germany,DEU,Adjusted net national income per capita (current US$),NY.ADJ.NNTY.PC.CD,,,,,,,,,,,2420.153447,2781.034325,3309.881783,4387.974388,4865.595713,5344.049704,5702.210021,6596.738744,8167.824587,9669.462235,10333.02427,8598.929039,8303.480522,8295.590387,7863.416326,7966.953728,11388.82702,14069.97174,15243.03693,15136.42789,19019.04319,19773.30734,22313.22996,21371.87406,22642.90963,26435.10329,25446.25951,22429.16233,22615.00938,22110.4171,19549.44184,19447.03569,20609.38155,24783.89639,28464.02957,28850.87277,30794.46171,35163.31393,38083.93478,34858.12486,34884.03479,39563.81733,36959.96893,38946.31307,40356.48312,34656.44191,35663.67889,37760.33968,40854.55597,39718.00233,39043.09715,42982.48189,,,
Djibouti,DJI,Adjusted net national income per capita (current US$),NY.ADJ.NNTY.PC.CD,,,,,,,,,,,,,,,,,,,,,,,,,,,,,,,,740.4238522,772.6935804,777.1572237,781.527471,785.4650001,754.066963,736.3050237,717.6603671,728.6924888,730.8580445,730.0267652,732.3667601,757.5249178,794.8734341,825.7007489,869.1485271,904.5520522,1025.518492,993.5814728,973.70773,1070.893547,1155.788418,1611.218613,1861.616007,2043.606977,2078.635435,2103.255646,2287.402078,2423.395567,2481.423541,2747.300462,,,
Dominica,DMA,Adjusted net national income per capita (current US$),NY.ADJ.NNTY.PC.CD,,,,,,,,,,,,,,,,,,,,,964.2966259,1091.001199,1187.584391,1306.681473,1426.862927,1564.865691,1784.70742,2025.754623,2312.531468,2476.139522,2694.807322,2902.350026,3101.078948,3271.317134,3460.702731,3579.312594,3752.358741,3913.393523,4184.885209,4181.798894,4041.902858,4287.654135,4130.649541,4277.441277,4478.064756,4474.117862,4979.276327,5293.751306,5760.413183,6000.036541,6038.564705,5887.154928,5737.61181,5733.917611,6095.654798,6321.031522,6902.890624,6608.946449,7001.511604,7587.308523,6467.869116,7024.401891,,,
Denmark,DNK,Adjusted net national income per capita (current US$),NY.ADJ.NNTY.PC.CD,,,,,,,,,,,2941.138469,3252.139849,3942.828333,5290.065754,5744.762414,6809.614873,7554.941406,8443.385054,10249.3186,11791.96511,11625.30741,9899.956183,9623.632205,9686.252199,9426.978557,9981.508271,14186.01451,17586.31276,18362.94703,17635.34279,21548.4629,21534.66947,23726.49706,22174.20383,24288.28523,28791.97741,29008.81889,26692.15786,27333.07575,27386.23327,24662.62924,24860.18828,26835.89665,32685.85198,38020.61938,40233.26445,43212.55617,47977.50069,52156.64117,47573.96705,48113.33602,51361.50182,48806.80302,51939.82636,53755.90909,45798.0298,46794.91137,49220.80391,52836.99612,50967.6115,52242.03137,58796.35993,,,
Dominican Republic,DOM,Adjusted net national income per capita (current US$),NY.ADJ.NNTY.PC.CD,,,,,,,,,,,,351.6526127,415.730021,467.7592165,565.7230395,678.9200248,725.5473021,808.0426078,837.7024784,946.7779862,1061.884469,1127.736209,1221.181322,1286.034526,1503.734523,698.5441017,853.0323257,783.6739008,693.6202837,860.4462743,898.5283858,1228.981849,1439.034582,1552.400074,1723.359956,1907.003255,2082.880305,2261.60471,2424.265406,2418.157993,2603.614824,2715.99617,2826.412341,2091.378914,2099.416982,3473.499745,3629.332924,4140.252491,4634.845612,4595.065677,5047.560735,5351.055897,5518.653857,5537.428277,5851.79887,6214.21529,6501.207713,6727.578894,7113.34938,7270.192051,6313.756343,7364.098945,,,
Algeria,DZA,Adjusted net national income per capita (current US$),NY.ADJ.NNTY.PC.CD,,,,,,,,,,,296.4212177,310.8597875,397.9868391,484.2158845,640.7336272,749.9399321,790.7220783,853.7110159,1095.978489,1096.310591,1494.792806,1623.884734,1708.090029,1801.624191,1953.035005,2043.84045,2309.75148,2290.909587,1964.751385,1801.589168,1907.336364,1363.166017,1446.633405,1454.139365,1196.856109,1125.602251,1203.706135,1250.046909,1284.126752,1219.061413,1293.362122,1339.513678,1346.497569,1565.86591,1882.223857,2090.096874,2344.230958,2803.438904,3513.905281,2960.306317,3451.290356,4080.708483,4280.70873,4210.070061,4167.01901,3319.132168,3256.460325,3295.651168,3172.694403,3098.163841,2689.872526,2809.555594,,,
East Asia & Pacific (excluding high income),EAP,Adjusted net national income per capita (current US$),NY.ADJ.NNTY.PC.CD,,,,,,,,,,,101.7055568,106.1346829,116.6808842,142.1638071,153.3208093,167.512313,164.5654566,186.0200697,176.709142,187.9021106,210.7575925,227.7665182,240.693405,249.4328078,269.0711778,292.7051548,285.6412658,266.8169251,304.8514673,331.7497812,345.8235198,378.1256019,419.7938451,454.4490027,543.6631336,655.2591011,741.813326,757.6613552,674.730064,731.3308099,786.2497214,822.5325335,910.8378366,1019.425404,1154.86387,1310.675278,1562.400801,1954.466677,2390.66165,2625.299142,3082.255212,3620.330159,4095.994916,4430.338044,4770.283823,4922.258584,5007.132002,5443.111633,5934.737592,6079.942545,6050.605923,7080.902082,,,
Early-demographic dividend,EAR,Adjusted net national income per capita (current US$),NY.ADJ.NNTY.PC.CD,,,,,,,,,,,201.1824735,213.4096644,227.7998139,282.4204022,364.7450901,389.3888659,410.4255537,443.9864475,480.1116512,532.3944524,650.9250718,727.4344616,689.9821454,676.7740989,651.9382833,659.5338628,658.5874315,639.9909122,667.6059693,654.6611244,744.4922707,783.6164322,849.5065534,923.9846228,952.2584316,945.0770018,1006.880746,1063.472417,1033.388888,1063.300506,1117.740581,1089.815346,1043.801022,1132.968727,1283.404271,1460.663154,1651.16797,1939.998775,2127.530622,2070.910642,2464.970052,2643.938507,2724.822175,2730.656109,2798.93097,2688.043005,2745.591853,2919.402484,2891.131767,2922.45618,2694.661955,3041.916262,,,
East Asia & Pacific,EAS,Adjusted net national income per capita (current US$),NY.ADJ.NNTY.PC.CD,,,,,,,,,,,272.6494451,293.586334,354.0255021,455.4041862,508.9701019,548.2568247,590.653946,691.8266743,864.2417385,904.1365633,947.4711254,1029.940351,993.3895463,1044.412922,1102.253345,1146.723686,1477.604006,1689.580481,2017.5495,2050.593868,2092.408838,2320.64461,2476.48331,2720.34148,3050.895476,3438.418072,3276.560541,3067.719964,2674.729694,2961.303591,3177.940519,2928.775231,2959.182501,3251.236104,3622.875794,3819.645878,4023.416872,4471.182683,5039.498341,5184.629061,5986.469463,6799.363068,7320.094316,7298.537233,7486.585191,7397.909044,7627.383809,8093.746465,8638.066898,8737.308827,8599.572757,9664.180401,,,
Europe & Central Asia (excluding high income),ECA,Adjusted net national income per capita (current US$),NY.ADJ.NNTY.PC.CD,,,,,,,,,,,,,,,,,,,,,,,,,,,,,,,,,,1199.525739,897.2371798,1113.833601,1161.333359,1221.504953,1596.014826,1442.404885,1485.225466,1203.104386,1394.956651,1788.586109,2324.484645,2900.335928,3322.592376,4213.959506,4953.356121,4116.337567,4874.280252,5436.623181,5755.132552,6267.359149,5961.575169,5245.036113,4947.85605,4989.324383,4810.089454,4834.053096,4671.216089,,,,
Europe & Central Asia,ECS,Adjusted net national income per capita (current US$),NY.ADJ.NNTY.PC.CD,,,,,,,,,,,1155.202611,1288.26377,1526.942965,1920.004643,2130.965231,2462.609289,2537.585605,2840.291557,3447.393193,4169.534724,4655.698113,4068.425795,3873.340579,3735.597113,3571.166196,3675.258948,5026.953469,6170.496334,6841.782062,6934.381808,8531.363898,8789.268399,9535.97571,8671.471694,9107.769371,10439.23801,10691.96788,10174.81837,10532.70064,10422.7946,9776.45596,9815.255154,10686.25347,12970.0691,15120.8629,16049.71292,17281.18164,20053.6705,21660.21499,18984.99014,19481.92094,21470.81487,20561.17359,21397.87104,21629.91661,18562.98174,18435.89422,19480.62282,20735.45727,20322.6141,19461.97582,21940.28827,,,
Ecuador,ECU,Adjusted net national income per capita (current US$),NY.ADJ.NNTY.PC.CD,,,,,,,,,,,425.6646638,396.665047,440.4224289,503.779861,807.2786982,960.5607022,1082.732683,1293.143986,1341.538127,1431.647385,1756.935377,2154.06722,1915.328916,1522.38352,1439.847588,1433.960524,1296.963702,1136.506463,980.0519142,985.1772746,1049.570832,1250.875183,1333.361681,1364.55466,1606.666574,1673.350346,1661.625768,1879.946625,1875.962441,1187.735343,1005.227095,1464.688189,1717.569762,1887.496609,1996.874194,2128.192232,2311.747474,2507.783568,3002.389035,3303.942696,3484.174108,3771.616968,4196.201362,4567.574489,4809.210381,4854.429311,4784.817801,4822.279331,4668.739001,4622.757334,4317.410628,4420.825286,,,
"Egypt, Arab Rep.",EGY,Adjusted net national income per capita (current US$),NY.ADJ.NNTY.PC.CD,,,,,,,,,,,221.1790407,231.0897848,244.7045613,258.3894002,225.555067,270.6743978,293.3663735,298.7201958,286.66836,283.3514344,312.2998091,326.6495804,429.8954862,474.1309704,500.3399529,548.7240979,624.1858146,628.6104974,532.8113518,568.3637678,564.864583,524.2932686,574.6685001,633.0256462,703.1673527,800.1751731,875.6696661,1020.386177,1110.861649,1130.173146,1212.755242,1185.51137,1001.513802,907.5889223,851.7401047,925.1546257,1094.76353,1321.186533,1581.728126,1883.717039,2089.409049,2148.266194,2551.208276,2583.679047,2704.037645,2983.278506,2957.127231,1999.859373,2043.811503,2431.968009,2964.90284,3184.810353,,,
Euro area,EMU,Adjusted net national income per capita (current US$),NY.ADJ.NNTY.PC.CD,,,,,,,,,,,1949.210701,2190.747568,2627.004883,3387.872189,3781.866278,4338.351508,4511.954782,5099.638369,6235.188263,7510.270766,8317.478469,7115.260172,6829.331779,6656.839921,6381.214054,6555.336797,9251.642317,11442.81963,12566.66791,12773.49318,15966.83618,16449.01426,18038.05191,16371.59008,17199.75479,19834.832,20051.63641,18286.91635,18755.85035,18647.04143,16906.35956,17035.25604,18389.79607,22505.6357,25795.94589,26576.66098,28179.09045,32167.3135,34783.88609,31568.81332,30851.26644,33371.16437,30765.64091,32091.57332,32817.83198,28139.01192,28894.45639,30554.72693,32991.32219,32106.58214,30618.01867,34440.40253,,,
Eritrea,ERI,Adjusted net national income per capita (current US$),NY.ADJ.NNTY.PC.CD,,,,,,,,,,,,,,,,,,,,,,,,,,,,,,,,,,217.9464683,238.7719334,238.3070159,266.7200387,262.1707558,287.0729727,270.602864,269.0890241,279.7918287,263.860726,298.4367105,367.5935115,360.1125667,396.7437919,425.3577139,433.1041287,579.0391239,482.188957,485.382935,,,,,,,,,,,,,
Spain,ESP,Adjusted net national income per capita (current US$),NY.ADJ.NNTY.PC.CD,,,,,,,,,,,1055.202173,1189.497546,1505.18818,1990.843887,2433.784879,2816.383118,2866.905754,3168.489512,3806.574906,5025.921475,5364.958109,4573.342471,4378.822343,3769.340902,3773.072401,3983.12915,5586.681518,7101.975543,8351.247705,9260.530222,11991.83095,12890.7134,14016.85259,11586.47061,11476.81392,13448.34087,13900.04861,12723.86604,13323.80123,13617.51853,12777.72447,13213.9263,14726.43972,18547.58843,21375.52554,22509.89311,24030.41391,27377.47834,29598.6106,26838.52604,25486.32101,26212.69589,23566.20509,24255.02601,24711.00208,21727.02711,22502.28241,23885.94232,25800.21489,25134.58287,22324.62076,25103.61464,,,
Estonia,EST,Adjusted net national income per capita (current US$),NY.ADJ.NNTY.PC.CD,,,,,,,,,,,,,,,,,,,,,,,,,,,,,,,,,,,,,,,,,3360.678061,3713.516761,4381.989692,5854.697323,7216.364041,8538.238629,10243.97263,13193.38032,14305.91916,11532.87994,11282.42234,13704.93151,13778.33723,15315.38844,16276.91133,14040.88602,14872.60242,16600.90075,18854.37331,19062.76949,19133.10065,22462.36475,,,
Ethiopia,ETH,Adjusted net national income per capita (current US$),NY.ADJ.NNTY.PC.CD,,,,,,,,,,,,,,,,,,,,,,175.1691437,166.9073585,197.9261796,181.8953545,215.9716796,208.5799044,217.3544428,213.6001208,215.287952,216.7443518,230.4143113,163.4964555,133.2385161,90.06493885,85.3496044,96.53170813,95.23932138,78.31870526,88.13634667,91.80956133,89.47722438,75.11447289,64.07604158,84.60717465,108.1453022,136.1651144,164.86901,229.1115647,272.4682465,246.2436034,249.6915521,334.0210722,360.1079645,421.3570554,478.1032535,547.1037514,595.983941,627.812547,708.7418191,779.4577006,786.5847648,,,
European Union,EUU,Adjusted net national income per capita (current US$),NY.ADJ.NNTY.PC.CD,,,,,,,,,,,1646.987505,1847.139413,2212.684314,2846.098223,3170.451384,3653.125704,3807.540551,4279.915082,5201.994453,6249.57252,6911.48399,5931.033375,5665.944577,5502.780908,5296.267739,5442.924922,7651.014288,9461.709225,10369.48585,10544.00328,13118.18699,13515.936,14790.67918,13387.06457,14158.60198,16420.76331,16679.4138,15268.13805,15711.59615,15627.04815,14275.57073,14423.52623,15639.52305,19146.05864,22012.84536,22894.29285,24409.72994,28070.60712,30661.23463,27592.37789,27235.10959,29548.14767,27355.05351,28585.78907,29245.13022,25156.40446,25813.2743,27428.31011,29679.66406,29005.20109,27916.82722,31524.73687,,,
Fragile and conflict affected situations,FCS,Adjusted net national income per capita (current US$),NY.ADJ.NNTY.PC.CD,,,,,,,,,,,,,,,,,,,,,,,,,,,,,,,,,,,388.3078049,487.1735801,478.6686572,542.5865888,533.9098974,567.545175,636.8449932,630.5534137,616.9513491,617.8520976,769.3665953,932.246731,1168.480511,1408.659437,1754.068033,1613.507551,1822.962238,1600.343226,1793.396846,1829.288944,1912.237718,1570.106136,1449.165156,1481.291466,1495.123605,1532.044174,1415.93118,1413.380171,,,
Finland,FIN,Adjusted net national income per capita (current US$),NY.ADJ.NNTY.PC.CD,,,,,,,,,,,2137.893209,2331.777291,2722.306182,3559.935217,4481.946423,5229.751761,5605.992177,5796.104266,6254.733548,7740.970613,9262.690469,8941.341299,8947.928039,8545.406762,8840.97294,9305.618119,12247.00446,15131.77449,17981.034,19230.19838,22301.99441,19436.16638,16722.81504,13110.86105,15458.3846,20756.43214,20573.83535,20045.58287,21136.3336,21508.94635,20068.26191,20702.81711,22457.67491,27056.45295,31502.6854,32328.40155,34313.95694,40174.25616,44209.86343,38788.56063,38296.2127,41789.95588,38711.30979,40439.56725,41149.74788,35093.91464,35796.98258,37839.34244,40864.14837,39659.40524,40405.34387,44416.2002,,,
Fiji,FJI,Adjusted net national income per capita (current US$),NY.ADJ.NNTY.PC.CD,,,,,,,,,,,,,,,,,,,,,1649.730038,1658.02719,1512.256274,1413.032203,1454.153105,1392.385881,1546.348198,1369.797182,1270.429684,1342.461754,1467.695417,1515.769872,1666.562012,1771.510463,1934.560163,2133.674396,2322.061808,2215.331885,1701.659942,1969.616533,1783.381344,1704.79915,1945.100416,2376.156511,2809.834069,3104.761021,2987.429471,3342.769779,3483.469241,2886.038578,3026.675967,3492.570279,3645.179811,3969.220986,4374.066692,4142.135905,4408.054247,4635.249114,4918.535725,4730.101074,3953.150164,3782.211976,,,
France,FRA,Adjusted net national income per capita (current US$),NY.ADJ.NNTY.PC.CD,,,,,,,,,,,2508.081895,2772.472296,3355.57885,4313.16434,4587.473343,5736.638207,5883.863271,6431.042165,7973.885752,9619.777942,10878.81894,9442.088755,8882.621693,8394.152666,7900.677597,8252.154431,11558.22126,13960.80747,15141.1239,15095.61747,18541.63449,18308.09476,20151.20348,18920.52761,19870.17046,22804.95355,22935.16784,20795.89751,21520.51377,21421.73861,19328.45135,19369.66125,20728.18128,25323.49168,28883.48382,29736.26749,31191.9391,35491.31278,38690.74069,35241.31511,34397.40755,37189.4419,34394.69344,35878.04225,36234.5312,30908.68633,31203.69485,32666.61256,34960.74076,33898.5168,31908.09822,36447.57846,,,
Faroe Islands,FRO,Adjusted net national income per capita (current US$),NY.ADJ.NNTY.PC.CD,,,,,,,,,,,,,,,,,,,,,,,,,,,,,,,,,,,,,,,,,,,,,,,,,,,,,,,,,,,,,,,,,
"Micronesia, Fed. Sts.",FSM,Adjusted net national income per capita (current US$),NY.ADJ.NNTY.PC.CD,,,,,,,,,,,,,,,,,,,,,,,,,,,,,,,,,,1927.651721,1939.456755,1975.504243,1937.086075,1763.245878,1843.130187,1893.648858,1999.878077,2048.315633,2056.035453,2079.627414,2069.815987,2188.111231,2234.02567,2295.686004,2345.277173,2594.638836,2680.194989,2788.613885,2977.244075,2979.580006,3001.99225,3274.929302,3352.833579,3593.732277,3526.513715,3919.334528,3843.479245,3740.857969,,,
Gabon,GAB,Adjusted net national income per capita (current US$),NY.ADJ.NNTY.PC.CD,,,,,,,,,,,327.822128,383.9385946,389.1218272,732.4015881,897.2992839,1544.134732,2654.083445,2143.344193,1499.253664,806.163231,2778.241604,3235.463485,3317.276133,2737.151945,2676.20998,2352.919325,2408.338364,2068.321345,2789.543041,2430.354106,2652.551248,2852.749959,2540.817416,1595.786377,1761.741546,1870.18933,2243.75972,1979.503026,2031.452187,1937.069643,1352.086801,1834.306228,2048.409197,2529.379914,2684.906435,3098.286216,3095.182432,3432.445959,4023.713308,3818.251409,3721.19122,4297.654089,4124.603741,4652.250021,5576.50316,4577.103937,4390.447171,4354.487549,4645.654763,4477.602653,4266.703011,4438.451929,,,
United Kingdom,GBR,Adjusted net national income per capita (current US$),NY.ADJ.NNTY.PC.CD,,,,,,,,,,,2267.45004,2534.270487,2881.707738,3246.470747,3456.50728,4064.554993,3891.152906,4308.658951,5473.196929,6967.861662,8807.363459,8319.677752,7969.242663,7601.090534,7145.860908,7476.589204,9409.889739,11526.6905,14080.33664,14122.77927,16398.08194,17154.96194,17960.75284,16162.17953,17726.87905,19281.29587,20267.47457,22819.64726,24813.52359,24834.76724,24401.02043,24062.70185,26117.41079,29959.88352,35034.76125,36605.04179,37973.61519,42710.97088,39510.51715,32299.43394,33571.19931,35752.9582,35513.31748,36079.91072,39528.28515,37457.26103,34106.74438,34113.84489,36165.90393,,,,,,
Georgia,GEO,Adjusted net national income per capita (current US$),NY.ADJ.NNTY.PC.CD,,,,,,,,,,,,,,,,,,,,,,,,,,,,,,,,,,,,,,,780.6757685,606.4785775,653.5089928,694.3441371,735.495238,865.4680279,1146.545558,1441.33674,1774.220478,2296.383426,2882.580187,2433.037238,2713.940099,3350.545343,3765.070675,3904.295302,4038.986662,3333.061251,3259.603283,3507.479077,3863.888408,3802.126605,3499.623053,4084.970574,,,
Ghana,GHA,Adjusted net national income per capita (current US$),NY.ADJ.NNTY.PC.CD,,,,,,,,,,,,233.5889819,197.8695635,222.3124292,254.8670157,234.5661703,224.4458013,250.0967629,284.7439454,302.5068295,317.2852645,299.3924901,275.6872425,269.2018214,281.8917623,279.994369,345.9681359,296.4535857,296.5678186,293.5878543,316.9477632,349.719732,327.7821349,288.8625603,245.2680759,284.0010732,295.8751304,290.7355968,309.1893093,327.5461118,190.625149,202.6171629,226.4362158,263.2882587,311.3709231,377.0099508,741.1653744,868.5733418,980.9491614,858.45567,1027.869243,1148.735934,1156.647092,1849.154039,1497.362712,1358.926296,1527.722385,1567.246586,1741.311836,1742.953253,1852.244496,1841.535044,,,
Gibraltar,GIB,Adjusted net national income per capita (current US$),NY.ADJ.NNTY.PC.CD,,,,,,,,,,,,,,,,,,,,,,,,,,,,,,,,,,,,,,,,,,,,,,,,,,,,,,,,,,,,,,,,,
Guinea,GIN,Adjusted net national income per capita (current US$),NY.ADJ.NNTY.PC.CD,,,,,,,,,,,,,,,,,,,,,,,,,,,278.8902327,286.4027738,330.5112243,320.9655681,341.54163,373.509277,409.1029146,408.2803233,407.3973418,409.0744357,419.0512082,409.9777636,375.5700243,359.0164572,300.3066059,277.6353633,286.5796626,290.6348976,311.9186057,229.5581825,374.8536773,548.9901528,590.0651687,539.8314942,541.9428302,517.1104787,565.4533114,583.2718259,600.0950989,601.5361595,558.6718713,667.4980621,740.7556651,834.390333,801.1042446,854.6192496,,,
"Gambia, The",GMB,Adjusted net national income per capita (current US$),NY.ADJ.NNTY.PC.CD,,,,,,,,,,,,,,,,,,,,,289.0320854,247.6534715,236.8608997,215.2591329,187.9101639,259.8510685,211.6391819,237.1671924,244.2832167,227.2690422,233.603703,532.5140533,525.5262367,534.2826181,509.2088915,517.5916631,542.4186826,491.1632188,497.292587,469.7622456,436.8029491,369.0605467,291.229531,233.0959936,487.7389488,506.9298522,498.6995899,586.738155,688.2057025,613.2335597,631.270697,532.0983092,507.7779125,480.8130105,422.2987192,457.7628005,474.2226,473.3298674,549.8980881,580.4247725,570.1252899,624.0718265,,,
Guinea-Bissau,GNB,Adjusted net national income per capita (current US$),NY.ADJ.NNTY.PC.CD,,,,,,,,,,,,,,,,,,,,,74.4889307,133.675429,128.8214072,141.7982077,116.2928609,142.0812516,99.2599968,134.7234525,118.6376027,161.0787927,181.3499455,183.2564005,148.8182708,159.8876004,149.710262,138.6916197,150.0049755,153.8953391,96.87206432,128.6059918,239.5569012,248.6680195,259.6441902,270.2965686,310.6261112,337.2670746,335.2771908,369.5770849,445.5640582,409.2295022,426.0884983,557.9370133,463.1632603,462.8378683,478.5576602,454.6448103,509.1500624,574.3439555,642.7315568,640.6889279,611.637566,678.0369901,,,
Equatorial Guinea,GNQ,Adjusted net national income per capita (current US$),NY.ADJ.NNTY.PC.CD,,,,,,,,,,,,,,,,,,,,,133.2811524,63.8830025,58.05372153,81.37554127,98.93394399,118.8892319,133.3443617,158.766888,169.3685401,132.6133086,196.1822817,202.3570479,244.2759899,228.5346712,104.1393391,112.1737145,144.1549085,229.5363047,133.1764917,210.5632639,-112.7622513,,,,,105.3746079,3103.039576,4242.429526,5588.677526,4204.314987,2100.041406,3893.130114,3902.706573,4764.483586,4872.220079,3844.051525,3210.780176,2864.504614,3012.706494,2356.554286,2243.607987,2709.305292,,,
Greece,GRC,Adjusted net national income per capita (current US$),NY.ADJ.NNTY.PC.CD,,,,,,,,,,,,,,,,,,,,,,,,,,,,,,,,,,,,,,,,,,,,,,,20786.29702,23908.78499,26298.84884,24419.48974,21641.90036,20268.83991,18108.18941,17844.24842,17998.02352,15044.37444,14903.30493,15546.666,16496.93584,16155.11367,14754.74349,17262.58654,,,
Grenada,GRD,Adjusted net national income per capita (current US$),NY.ADJ.NNTY.PC.CD,,,,,,,,,,,,,,,,,,,,,,,,,,,,,,,,,,,,,,,,,,,,,,,,,,,,,,,,,,,,,,,,,
Greenland,GRL,Adjusted net national income per capita (current US$),NY.ADJ.NNTY.PC.CD,,,,,,,,,,,,,,,,,,,,,,,,,,,,,,,,,,,,,,,,,,,,,,,,,,,,,,,,,,,,,,,,,
Guatemala,GTM,Adjusted net national income per capita (current US$),NY.ADJ.NNTY.PC.CD,,,,,,,,,,,,327.2437494,337.5207087,403.8464265,485.0423003,543.2562483,641.8370445,793.1497861,856.5649457,949.8650808,1047.526172,1115.59146,1098.223693,1111.300331,1123.180335,1126.78726,806.8187399,773.3665101,834.2896551,873.7942797,767.6771465,935.8771857,1007.172083,1074.015894,1188.351297,1303.921949,1349.621346,1488.409706,1586.381948,1450.351844,1482.536203,1390.044587,1483.62975,1523.241162,1615.441486,1783.650654,1920.232696,2103.35675,2376.822073,2234.014571,2377.854618,2672.853956,2813.174483,2937.206549,3135.789368,3352.767535,3464.362548,3681.763051,3731.454921,3889.824374,3863.165908,4189.208188,,,
Guam,GUM,Adjusted net national income per capita (current US$),NY.ADJ.NNTY.PC.CD,,,,,,,,,,,,,,,,,,,,,,,,,,,,,,,,,,,,,,,,,,,,,,,,,,,,,,,,,,,,,,,,,
Guyana,GUY,Adjusted net national income per capita (current US$),NY.ADJ.NNTY.PC.CD,,,,,,,,,,,,,,,,,,,,,576.590091,514.7330967,342.2145821,408.3565987,377.5639958,411.2192625,447.374625,260.3494138,341.4716656,264.5901718,298.7907044,192.6560323,255.8017315,369.8920238,428.9750373,465.758584,628.6574848,659.4588419,709.7796903,668.5235736,746.277974,747.3992886,746.5745436,758.4974631,798.4559566,859.6863506,2733.509186,3221.064772,3584.96753,3740.724566,3913.488955,4143.230371,4619.240455,4796.141296,4851.67794,5104.300549,4940.476515,5339.465992,5476.090507,5832.310516,5640.664718,6274.057438,,,
High income,HIC,Adjusted net national income per capita (current US$),NY.ADJ.NNTY.PC.CD,,,,,,,,,,,2121.934149,2321.034088,2666.705037,3192.999312,3494.038181,3860.103851,4169.582285,4672.510983,5574.184731,6257.764572,6858.339036,6917.142785,6857.058916,7003.133871,7306.531975,7618.485395,9218.136937,10610.81975,11929.60119,12291.74396,13629.8492,14269.09022,15203.02546,15105.73486,16159.24237,17813.44233,17939.79196,17614.23475,17635.71385,18324.92149,18604.09517,18400.08555,19063.6121,21256.86943,23681.5208,24963.45526,26441.93317,28705.82647,30051.09355,27754.74332,29405.80852,31853.07197,31925.82398,32158.33034,32619.48209,30324.25052,30633.92606,32084.30571,33883.12826,34030.48412,32725.53823,36139.60394,,,
"Hong Kong SAR, China",HKG,Adjusted net national income per capita (current US$),NY.ADJ.NNTY.PC.CD,,,,,,,,,,,,,,,,,,,,,5416.81593,,,,,,,,,,,,,,,,,,,,,,,,,,,,,,,,,,,,,,,,,,,,
Honduras,HND,Adjusted net national income per capita (current US$),NY.ADJ.NNTY.PC.CD,,,,,,,,,,,,230.1185887,243.529103,261.4000931,288.934777,306.3579572,356.7337678,422.2245198,777.4781369,853.640517,918.1218446,914.9847735,893.7940491,956.5437893,1026.912439,1085.33096,1135.317062,1203.483848,1104.377401,984.379705,842.2969129,768.4408653,794.0131992,797.7258405,727.7409888,810.2270009,772.9643454,837.9013705,916.0743006,909.0159621,987.4792395,1020.245708,1016.220838,1033.194775,1075.252009,1156.226364,1254.391922,1416.759867,1565.55541,1622.306709,1653.162219,1845.241303,1860.106701,1819.618746,1883.329154,1996.390785,2012.1947,2135.679642,2141.664763,2202.270857,2096.974032,2404.352994,,,
Heavily indebted poor countries (HIPC),HPC,Adjusted net national income per capita (current US$),NY.ADJ.NNTY.PC.CD,,,,,,,,,,,,,,,,,,,,,,300.5064283,289.5352721,280.9569463,279.9568299,284.9985243,320.056366,341.1198376,337.6954244,307.8830587,320.3681679,321.3086631,300.6941773,294.0204532,232.2171619,260.0616271,278.0416387,280.6789948,295.1484928,298.2453114,311.1487061,287.0946377,296.3985173,318.5439724,357.2313809,392.4024735,445.1039358,507.6476962,598.1401178,610.5884772,631.851097,680.9928168,694.8320262,761.1390691,817.0856994,781.977019,803.0899886,861.6494394,801.108522,813.2308948,797.5349845,824.7299645,,,
Croatia,HRV,Adjusted net national income per capita (current US$),NY.ADJ.NNTY.PC.CD,,,,,,,,,,,,,,,,,,,,,,,,,,,,,,,,,,,,4011.337662,4376.624839,4419.473111,4735.01347,4265.567224,3943.358173,4265.195474,5076.677416,6414.896265,7788.779502,8699.733372,9551.549685,11429.3127,13195.94474,11560.02743,11109.97575,11677.72547,10625.5449,11265.00965,11306.57767,10121.64965,10404.45543,11582.54042,12984.30368,13113.7613,12231.38931,14553.48421,,,
Haiti,HTI,Adjusted net national income per capita (current US$),NY.ADJ.NNTY.PC.CD,,,,,,,,,,,,,,,,,,,,,232.9877772,245.5708018,237.0420732,260.6820499,287.1554364,311.8675345,355.1078791,305.3471523,382.7139572,392.3318757,435.8971182,479.1669458,305.9528345,250.2655994,285.5277433,361.7274371,367.8729403,414.8794618,453.4362581,499.6617835,811.5412611,736.4940516,689.2223482,537.1715416,656.4821671,764.392283,786.2055964,983.5266401,1055.324402,1149.862037,1153.481633,1253.135582,1298.950445,1388.446013,1395.40905,1355.407267,1241.119857,1311.653793,1424.929171,1260.142651,1216.061288,1736.015025,,,
Hungary,HUN,Adjusted net national income per capita (current US$),NY.ADJ.NNTY.PC.CD,,,,,,,,,,,,,,,,,,,,,,,,,,,,,,,,,,3057.578255,3285.220407,3401.421212,3385.538122,3408.636326,3550.969876,3546.089964,3455.929885,3992.598802,5133.913548,6544.619726,8019.142755,8735.616474,8913.273312,10606.11276,12114.25013,10131.48046,10184.54124,10941.72004,10013.3594,10850.96989,11223.69972,10029.14742,10626.06795,11712.65238,13248.80727,13759.42779,13018.24326,14920.71625,,,
IBRD only,IBD,Adjusted net national income per capita (current US$),NY.ADJ.NNTY.PC.CD,,,,,,,,,,,175.8636171,188.1336202,205.7652182,258.0956819,305.8248929,322.6292682,340.1480771,377.0050497,396.6828491,448.2370175,512.5852795,556.0040409,541.017987,520.6667635,522.9595419,533.1089907,552.1629345,545.44184,585.4837075,615.9428365,702.5868624,726.609842,786.7922794,850.2274204,945.0922665,1063.839268,1162.778163,1221.361513,1178.091114,1127.828965,1200.847365,1201.3108,1208.107308,1336.08365,1560.023122,1828.015959,2145.600685,2654.439995,3099.211205,3021.637151,3585.793889,4111.945343,4353.228176,4527.401982,4648.740509,4346.129497,4338.657734,4750.378565,4921.129918,4985.865844,4730.012375,5454.922483,,,
IDA & IBRD total,IBT,Adjusted net national income per capita (current US$),NY.ADJ.NNTY.PC.CD,,,,,,,,,,,167.0253346,176.6029611,192.5619422,238.0362265,283.8664741,303.1643757,317.3621257,349.0195752,369.283768,414.5525191,476.8481697,543.8614493,524.1858828,491.9679706,486.9201353,494.7004425,508.1028664,502.9153554,536.5366749,556.4977813,629.3040038,648.3655621,693.6443208,739.1346559,811.6581106,912.2418282,995.2729898,1041.073295,1004.60304,964.4534908,1023.870573,1021.226176,1028.739541,1132.926349,1318.552649,1537.106107,1802.321902,2208.995296,2572.965195,2508.902774,2953.637665,3338.237491,3525.797332,3669.112017,3774.569185,3534.590193,3525.201115,3827.726112,3948.832698,3991.632487,3784.041663,4315.870808,,,
IDA total,IDA,Adjusted net national income per capita (current US$),NY.ADJ.NNTY.PC.CD,,,,,,,,,,,,,,151.5098241,195.5825609,237.5305192,233.7769494,239.1617134,270.1872179,286.7152508,352.9039399,570.1503858,521.6099923,418.4847474,373.5892,372.0137548,359.3439248,363.9263862,371.7330862,343.3548813,360.2946945,362.0800915,348.9450959,320.0502219,302.7424278,342.2840692,374.2725483,378.509034,378.223497,386.7864582,405.2142072,399.3398126,418.4850405,450.2580256,517.2299898,583.1226928,692.4428799,785.3016597,914.2844979,916.0351636,1012.265095,984.1145584,1036.976794,1112.986639,1198.182246,1167.478076,1179.986668,1200.147969,1216.084033,1236.554059,1202.658655,1259.014576,,,
IDA blend,IDB,Adjusted net national income per capita (current US$),NY.ADJ.NNTY.PC.CD,,,,,,,,,,,188.3385405,163.0133535,175.224065,178.0340858,225.5152914,270.1306078,317.016773,324.2728259,359.7136327,369.4941513,477.5295898,962.2756233,862.0251673,630.4939731,525.8309438,503.4600303,458.9440398,445.4492331,452.5209682,397.2750223,413.1114759,415.5682835,404.7502199,349.3768126,340.6855494,398.7612278,430.2810856,427.9772788,421.3965943,430.4222118,439.2374157,437.1040348,478.1405816,525.5873643,617.0561776,706.958344,891.1966483,994.8870011,1135.028214,1082.017001,1205.018107,1329.338688,1455.204255,1572.95279,1740.415043,1648.377922,1575.607793,1508.335585,1594.489376,1558.685627,1477.636755,1565.660538,,,
Indonesia,IDN,Adjusted net national income per capita (current US$),NY.ADJ.NNTY.PC.CD,,,,,,,,,,,72.37087621,71.73697955,80.2881771,113.532211,156.9667781,185.3094694,222.846571,262.1896158,291.5203253,236.5233905,345.2794226,433.4029578,484.6655624,414.6786096,420.679056,420.823471,404.1340597,363.4006998,405.0802519,430.9733432,467.4718449,528.78476,571.6287056,709.7437034,797.6227589,892.8811639,987.389234,922.7334765,383.8939806,541.6584333,616.192538,526.3143509,651.1047016,764.5573682,803.3719526,865.5696089,1113.108397,1305.283255,1522.690233,1652.477098,2298.912531,2645.079286,2728.134588,2691.456374,2593.311645,2534.722947,2782.524671,2937.317589,2925.859693,3080.807225,2933.533509,3189.243047,,,
IDA only,IDX,Adjusted net national income per capita (current US$),NY.ADJ.NNTY.PC.CD,,,,,,,,,,,,,,,,,,,,,,286.404663,274.1080879,270.2281868,271.7934878,286.4476632,298.6166981,317.5712159,325.6268871,316.8364209,334.850866,335.5765322,319.8686065,310.3888279,285.649439,312.6003494,345.9043511,354.964949,359.1317727,367.5152717,394.2002062,385.8252914,392.1760896,415.1923315,468.7749485,521.5375848,587.9797304,675.9335914,800.4219651,834.9876956,916.6388855,795.7815343,808.2660392,861.1815587,901.217788,904.5506408,965.1631629,1034.450607,1012.135076,1065.083661,1057.915141,1097.347416,,,
Isle of Man,IMN,Adjusted net national income per capita (current US$),NY.ADJ.NNTY.PC.CD,,,,,,,,,,,,,,,,,,,,,,,,,,,,,,,,,,,,,,,,,,,,,,,,,,,,,,,,,,,,,,,,,
India,IND,Adjusted net national income per capita (current US$),NY.ADJ.NNTY.PC.CD,,,,,,,,,,,105.8539012,111.5878499,115.7926558,135.4786499,152.9528098,145.5624483,148.7915795,170.57495,188.7849197,205.2283069,246.1621957,246.8369868,247.6000667,264.2708758,249.6968173,265.4916153,279.5096106,304.6980559,316.4689111,306.4208343,323.4351906,264.7037197,277.2081283,264.806227,305.7802386,329.8868875,354.199537,367.3438682,366.9902674,391.1566172,387.7009103,395.602519,412.6389733,479.4314631,546.6280237,619.796128,698.2139552,890.2584188,850.5747693,956.1860045,1165.598529,1244.433726,1232.599484,1236.809406,1346.591587,1384.912625,1481.890055,1710.893171,1719.181867,1784.948743,1637.822519,1907.12904,,,
Not classified,INX,Adjusted net national income per capita (current US$),NY.ADJ.NNTY.PC.CD,,,,,,,,,,,,,,,,,,,,,,,,,,,,,,,,,,,,,,,,,,,,,,,,,,,,,,,,,,,,,,,,,
Ireland,IRL,Adjusted net national income per capita (current US$),NY.ADJ.NNTY.PC.CD,,,,,,,,,,,1443.598797,1649.947031,2015.118034,2324.636675,2393.770754,2852.410318,2759.330483,3185.628824,3975.903413,4862.016171,5625.179911,5302.527513,5301.825263,5012.116747,4740.234653,4943.84697,6735.049707,7958.280613,8807.270512,9050.672486,11511.73174,11546.71031,12710.58939,11914.63073,12930.85623,15304.22644,16767.88143,17871.6129,19104.26102,19985.81202,19929.94953,20897.79956,23657.05078,30561.34089,35219.20818,37328.64032,39722.04915,44491.23381,44667.29921,36126.13941,33922.99808,35191.62313,32552.74014,35850.35705,38740.0917,34222.82992,35926.76866,37935.70251,41387.2047,41939.185,39542.53357,48855.66906,,,
"Iran, Islamic Rep.",IRN,Adjusted net national income per capita (current US$),NY.ADJ.NNTY.PC.CD,,,,,,,,,,,277.4171788,332.1868223,406.722378,630.2007234,827.6491798,1018.159276,1319.3164,1529.831709,1341.896067,1638.167179,1668.560206,1763.877121,2173.624774,2672.436104,2672.816348,2874.203503,3281.993974,1971.434091,1745.158994,1617.324023,1570.472577,,,726.7574698,836.703122,1132.940513,1424.82545,1365.6371,1348.768419,1366.072711,1230.08603,1474.289023,1547.45525,1811.858869,2159.59459,2490.118021,2855.847397,3783.318661,4309.414436,4484.781591,5251.437599,6665.121008,6645.308864,4917.127299,4502.348984,3932.223409,4427.617504,4532.120293,2766.463486,2449.494857,2072.101242,2981.34829,,,
Iraq,IRQ,Adjusted net national income per capita (current US$),NY.ADJ.NNTY.PC.CD,,,,,,,,,,,,,,,,,,,,,1928.650294,1742.021542,1889.671845,1839.814586,2099.288365,2005.122992,1947.114661,2212.211689,2499.665324,2462.025545,7443.486571,,,,146.5324861,468.5500955,363.2688578,683.1053499,666.7152801,1223.735032,1533.195463,1054.819404,933.3268759,615.6006071,962.7809387,1158.773961,1590.410988,2305.861126,3568.365984,3071.185475,3551.327584,4354.179584,5002.74057,5163.906663,4773.250075,3504.846622,3430.956759,3665.420114,4178.25946,4315.563922,3540.936976,3731.836939,,,
Iceland,ISL,Adjusted net national income per capita (current US$),NY.ADJ.NNTY.PC.CD,,,,,,,,,,,,,,,,,,,,,,,,,,,,,,,,,,,,,,,,,,,,,,,,,,,,32094.72022,32294.15318,39104.09809,43168.21411,42267.31247,49914.17937,58236.91205,58426.79915,57484.49609,48009.3862,54204.42435,,,
Israel,ISR,Adjusted net national income per capita (current US$),NY.ADJ.NNTY.PC.CD,,,,,,,,,,,,,,,,,,,,,,,,,,,,,,,,,,,,15551.40082,16474.73856,16610.00132,16355.79105,15722.47576,17005.35607,16734.64858,15128.81294,15551.56969,16385.31876,17305.26421,18552.86367,21284.10569,24640.18233,23010.01518,25869.42068,28664.63859,27194.70345,30702.81245,32314.1591,30461.96241,31762.58225,34950.81495,36072.4844,37723.84945,37501.009,43494.502,,,
Italy,ITA,Adjusted net national income per capita (current US$),NY.ADJ.NNTY.PC.CD,,,,,,,,,,,1885.394642,2065.631418,2392.981944,2856.006942,3175.554913,3552.840203,3500.879184,3994.610274,4887.072909,6135.482189,7327.414904,6481.817131,6405.680465,6657.58357,6585.726546,6779.226135,9613.757322,12141.09257,13459.94585,13971.52356,17626.73243,18534.25286,19513.30407,15682.43815,16163.16956,17379.76637,19503.29186,18550.15487,18944.16917,18736.89584,17082.65882,17393.44753,18872.69269,23156.00177,26369.73958,26970.70718,28211.90891,31664.03462,33583.55688,30476.96322,29345.06761,31334.40443,28253.64576,28906.27318,29286.50891,24739.66633,25769.17833,27107.13111,29028.90484,28011.16548,26185.78259,29681.55713,,,
Jamaica,JAM,Adjusted net national income per capita (current US$),NY.ADJ.NNTY.PC.CD,,,,,,,,,,,,658.5807186,837.4428807,836.7662845,1055.524682,1233.831654,1201.178265,1284.717524,997.0387623,878.2292535,930.1693961,1062.11874,1172.889125,1310.725353,769.3871415,646.0320634,903.4601024,1095.165371,1313.878799,1523.602877,1564.250296,1360.31929,1205.248711,1962.887526,1883.429793,2276.144576,2593.563188,2936.478884,3033.535616,3011.889045,3036.427133,3057.404688,3165.366559,3051.271589,3286.056157,3589.504862,3797.721331,4047.625338,4363.191845,3799.649287,4226.144704,4598.82761,4821.199346,4572.784749,4450.639348,4502.114575,4400.845686,4702.4459,4932.905199,5023.714032,4381.267675,4687.727674,,,
Jordan,JOR,Adjusted net national income per capita (current US$),NY.ADJ.NNTY.PC.CD,,,,,,,,,,,,402.9331831,448.6935554,521.7884404,639.2238411,709.8153312,846.5235875,1012.430645,1218.358335,1482.167922,1692.289405,1833.829801,1858.017935,1853.926956,1742.433988,1636.529768,2004.801818,1988.552668,1723.119026,1105.012895,1007.324992,921.5983133,1113.211149,1130.277655,1203.692522,1257.443375,1243.79211,1277.139178,1376.7371,1380.825722,1463.009548,1530.685271,1585.612678,1670.732727,1849.003146,1985.856076,2251.465862,2410.799666,3041.536884,3209.301091,3408.739662,3603.896273,3812.818734,3974.533744,3857.533834,3716.739557,3652.760407,3803.780529,3892.45546,3983.968326,3856.016455,3934.821392,,,
Japan,JPN,Adjusted net national income per capita (current US$),NY.ADJ.NNTY.PC.CD,,,,,,,,,,,1692.662322,1864.889389,2425.55033,3263.791095,3583.745727,3877.482427,4339.494095,5295.649272,7402.388028,7612.651541,7869.365615,8531.670465,7882.814807,8564.064758,9025.199745,9518.304556,14023.72583,16977.22451,20502.59969,20145.0749,20510.03618,23156.46076,24932.55981,28050.30568,31293.52119,34830.74893,31065.90167,28128.50104,25348.86456,28509.3582,30664.41044,26963.27592,25619.91823,27744.27243,30235.08185,29916.37675,28494.95545,28372.35766,31016.56692,31604.27662,34955.3162,38054.3422,38500.58419,32389.62683,30542.97769,28006.30687,31470.25292,31134.54194,31788.51609,32283.77072,31293.416,30520.07048,,,
Kazakhstan,KAZ,Adjusted net national income per capita (current US$),NY.ADJ.NNTY.PC.CD,,,,,,,,,,,,,,,,,,,,,,,,,,,,,,,,,,1063.252702,954.2444872,980.9155262,994.4323039,1088.797293,,821.2807292,705.9064035,950.6657364,1022.427759,1299.924538,1708.482478,2057.477006,2838.761196,4151.74143,4934.357189,4635.118106,5653.05788,7013.225681,7790.551708,9303.201634,8650.950665,7837.748709,5573.041793,6430.94922,6378.173082,6467.85264,6516.654531,6362.631782,,,
Kenya,KEN,Adjusted net national income per capita (current US$),NY.ADJ.NNTY.PC.CD,,,,,,,,,,,,125.1972237,143.2339388,157.1329646,181.7513493,191.2091119,195.0346719,243.7741421,280.1697298,318.3378457,360.47099,328.2696203,288.3152509,268.6741843,271.4386823,261.7816501,296.420893,314.9209021,316.9274877,304.3813363,296.2434966,269.5275134,261.2453976,169.6606283,209.5259419,255.4111888,343.0338275,369.8482066,389.3879035,347.5367338,333.4707379,331.5558262,322.6807241,347.0149577,369.7499707,426.1785481,581.7198394,695.1438475,763.5868059,765.5375966,807.776574,828.0261163,967.0919903,1019.04219,1096.778548,1120.341727,1304.88953,1389.231962,1547.851256,1676.295792,1643.944914,1789.596665,,,
Kyrgyz Republic,KGZ,Adjusted net national income per capita (current US$),NY.ADJ.NNTY.PC.CD,,,,,,,,,,,,,,,,,,,,,,,,,,,,,,,,,,,,,,311.5391022,275.3858772,203.2387708,218.430929,252.5709407,261.4212966,318.4876139,358.8811215,403.0286592,477.4339385,644.4769374,803.8127596,724.2477262,671.8804326,818.8760375,982.5793942,969.0313617,968.7439245,837.5652301,872.4420907,942.9031995,1050.331547,974.7624073,910.1554459,870.465986,,,
Cambodia,KHM,Adjusted net national income per capita (current US$),NY.ADJ.NNTY.PC.CD,,,,,,,,,,,,,,,,,,,,,,,,,,,,,,,,,,,,325.4359672,303.5533575,281.3753887,241.6175201,264.6934526,268.3836222,286.368937,299.7141946,322.0761722,361.6585759,419.5047319,476.7062052,561.0465257,659.2283345,643.0351782,687.8655757,768.8949336,823.9027455,872.2239417,933.4239152,993.6407446,1084.876158,1181.818127,1285.940819,1390.35959,1331.135318,1343.726676,,,
Kiribati,KIR,Adjusted net national income per capita (current US$),NY.ADJ.NNTY.PC.CD,,,,,,,,,,,,,,,,,,,,,634.6733182,611.4942384,656.3415198,666.0009915,553.5539986,429.924735,411.4579494,522.1929727,617.1639653,618.4077624,641.3151672,943.6640321,955.4879516,881.2686189,1004.289763,1073.715994,1063.80489,1269.722052,1277.288459,1221.073282,1169.425086,1150.780525,1193.212209,1369.540314,1474.067109,1526.949853,1462.642951,1757.943776,1877.170356,1626.980408,1979.378917,2146.019113,2423.712621,2534.259331,2789.216187,2892.307402,2569.436552,2872.653028,2883.040182,2900.962639,2559.717149,2801.822185,,,
St. Kitts and Nevis,KNA,Adjusted net national income per capita (current US$),NY.ADJ.NNTY.PC.CD,,,,,,,,,,,,,,,,,,,,,,,,,,,,,,,,,,,,,,,,,,,,,,,,,,,,,,,,,,,,,,,,,
"Korea, Rep.",KOR,Adjusted net national income per capita (current US$),NY.ADJ.NNTY.PC.CD,,,,,,,,,,,,283.3312643,302.6492782,376.6693096,523.0974979,564.8901225,766.1008479,968.734622,1302.210938,1633.323032,1533.714896,1671.647275,1761.878583,1940.458528,2129.136807,2160.859447,2461.959099,3106.471931,4153.866634,5105.182353,5772.223756,6701.852995,7058.165448,7693.671759,9013.013682,10703.03436,11335.62048,10379.69078,6659.153458,8686.618911,10066.4201,9481.99765,10921.41796,12133.24497,13671.44682,15951.37679,17949.26005,19974.03089,17500.41168,15514.21152,18937.43167,20578.17296,20885.06346,22213.54108,23855.82352,23450.9899,23960.52912,25890.44632,27237.40308,25831.45515,25451.51717,28058.83017,,,
Kuwait,KWT,Adjusted net national income per capita (current US$),NY.ADJ.NNTY.PC.CD,,,,,,,,,,,2210.940577,2649.457348,2457.637631,2891.75358,8201.878865,9652.836551,10011.80846,10477.17616,11074.00174,,18709.0635,18918.81282,15513.71951,13498.97418,13361.26182,12660.29862,12081.37728,12590.15018,12051.68145,13592.39843,14369.58556,10899.46763,14038.15745,14501.19745,14492.18105,16608.68049,18536.98814,18012.42817,15236.70063,16556.01953,19441.37065,16763.55174,16861.64948,20237.28493,25692.71328,33271.04583,41054.77975,42830.29083,49271.79948,34019.63146,35309.5631,42038.77502,43810.64221,42999.99436,39694.15735,27811.71291,25708.13215,28379.07665,30000.68158,29080.10622,,,,,
Latin America & Caribbean (excluding high income),LAC,Adjusted net national income per capita (current US$),NY.ADJ.NNTY.PC.CD,,,,,,,,,,,498.6739061,548.9039026,604.5343118,779.3080919,996.6284929,1036.297616,1109.835478,1172.912357,1294.720213,1469.76108,1686.576186,1910.200794,1703.881403,1416.853862,1411.326077,1355.357669,1360.867316,1424.004886,1577.272102,1747.226464,1995.763186,2153.233289,2311.240412,2696.243185,3139.214057,3299.296439,3568.72237,3826.633863,3760.322821,3225.028998,3491.251566,3356.235755,2948.660187,2946.292406,3292.880684,3904.776055,4546.763976,5344.834235,6052.530403,5562.937926,6794.302145,7724.228578,7520.79281,7710.551626,7686.047829,6553.177146,6269.606025,6969.237673,6610.083302,6476.978716,5390.810613,5995.793424,,,
Lao PDR,LAO,Adjusted net national income per capita (current US$),NY.ADJ.NNTY.PC.CD,,,,,,,,,,,,,,,,,,,,,,,,,421.5116992,560.0271176,402.3968104,232.9722216,118.7135462,139.3278056,162.7569194,184.5978814,194.4500869,224.39744,253.1843388,271.4633726,284.9197246,254.8824563,177.2216895,213.1754535,243.7458495,252.1201989,250.7179148,268.9582234,318.9460126,370.3380401,425.6953511,525.2522896,639.0972829,704.1612012,778.2121953,941.3545679,1153.610692,1362.190169,1523.374688,1643.221809,1787.305019,1846.315217,1953.824152,1950.776395,1928.626685,1837.87641,,,
Lebanon,LBN,Adjusted net national income per capita (current US$),NY.ADJ.NNTY.PC.CD,,,,,,,,,,,,,,,,,,,,,,,,,,,,,,782.1761371,834.2921384,1163.670225,1390.922115,1802.890315,2189.694382,2658.292203,2995.7205,3200.669083,3516.482113,3578.748245,3524.828313,3443.800544,3560.385344,3123.771407,3796.820799,3907.230915,3895.906748,4465.908916,5096.210197,6000.49736,6308.873567,6367.03042,6810.347737,6626.868547,6113.99873,6260.06247,6589.188471,7103.130478,7334.310867,6971.830179,4242.29949,3026.708667,,,
Liberia,LBR,Adjusted net national income per capita (current US$),NY.ADJ.NNTY.PC.CD,,,,,,,,,,,,,,,,,,,,,,,,,,,,,,,,,,,,,,,,,174.259463,155.1362416,130.4471741,56.7359047,143.0124468,148.4872411,180.6794666,199.6880168,245.4283897,238.9018936,271.1371791,330.7916764,329.1003687,373.6870318,347.8005957,379.1231926,372.0135046,354.6131263,386.918153,352.7417526,328.0628,339.1209191,,,
Libya,LBY,Adjusted net national income per capita (current US$),NY.ADJ.NNTY.PC.CD,,,,,,,,,,,,,,,,,,,,,,,,,,,,,,,,,,,,,,,,,,,2809.392789,3590.8455,4085.026689,5564.553818,7050.571139,8271.093898,9798.433345,7193.868261,8540.677591,6565.745074,10586.59523,9167.466394,7679.63077,6649.338529,6705.134917,8732.533204,9433.624865,8419.926615,6394.742868,4638.500824,,,
St. Lucia,LCA,Adjusted net national income per capita (current US$),NY.ADJ.NNTY.PC.CD,,,,,,,,,,,,,,,,,,,,,1270.904673,1415.326352,1303.402789,1386.313375,1756.656941,1944.946513,2303.919269,2509.563407,2816.672988,3170.609448,3577.941965,3742.692317,4106.012721,4075.082051,4190.599261,4402.737523,4545.914556,4536.042112,4842.192044,5019.080319,5294.058019,4907.158749,4950.457152,5354.516067,5670.2555,5962.394984,6513.694039,6834.719832,7254.776647,7086.309514,7134.887309,7769.701492,7593.231488,7402.644067,7842.136503,7573.111717,8082.593532,8514.119814,9143.953383,9151.962181,6991.914881,7655.163071,,,
Latin America & Caribbean,LCN,Adjusted net national income per capita (current US$),NY.ADJ.NNTY.PC.CD,,,,,,,,,,,530.5086949,585.1399357,639.7444806,822.1479758,1024.949458,1047.45084,1130.915282,1216.475936,1340.351008,1517.415368,1764.759828,2000.996438,1796.344871,1504.983373,1479.276557,1429.920626,1434.306969,1473.620712,1639.888451,1760.142927,2005.007331,2178.305862,2354.96153,2709.979921,3121.465466,3329.572516,3566.408861,3846.662932,3798.729068,3306.172011,3575.283034,3448.033427,3013.444333,3000.162034,3388.025624,4031.318888,4706.062053,5554.818964,6374.507929,5915.368121,7191.49308,7956.658369,7902.531103,8089.207015,8175.148551,6895.79286,6629.941652,7341.135868,7024.555915,6893.454265,5765.752584,6415.208246,,,
Least developed countries: UN classification,LDC,Adjusted net national income per capita (current US$),NY.ADJ.NNTY.PC.CD,,,,,,,,,,,,,,,,,,,,,,,,,,209.7908411,215.6553084,228.1377486,238.9352371,243.4375132,253.7883171,255.9777414,224.3499394,216.9974814,189.9333792,212.2042247,239.0045494,245.6125625,246.9097114,252.1378664,277.8352408,260.8543609,273.2986125,293.3787029,327.8812179,363.4813877,401.3253301,456.0089462,537.6229403,583.3029428,627.3127363,714.4442347,754.2362558,812.8199147,867.7961307,846.1673416,874.2624543,945.528658,913.7055658,971.2388996,972.6754514,1010.734246,,,
Low income,LIC,Adjusted net national income per capita (current US$),NY.ADJ.NNTY.PC.CD,,,,,,,,,,,,,,,,,,,,,,,,,,,,,,,,,,,,,,,,,,,,,,,,,,1092.138855,1172.256718,673.0194156,641.8224701,634.562482,665.5952856,647.682566,631.3236045,686.0164361,532.3162641,541.4697912,490.9210836,489.1880189,,,
Liechtenstein,LIE,Adjusted net national income per capita (current US$),NY.ADJ.NNTY.PC.CD,,,,,,,,,,,,,,,,,,,,,,,,,,,,,,,,,,,,,,,,,,,,,,,,,,,,,,,,,,,,,,,,,
Sri Lanka,LKA,Adjusted net national income per capita (current US$),NY.ADJ.NNTY.PC.CD,,,,,,,,,,,,161.9666074,173.3067123,189.8231629,231.6771846,235.3232352,208.3286014,236.0714782,158.7012382,217.6585595,255.5354803,273.707251,296.3273129,315.7560561,361.7845147,364.7385546,386.7486297,398.1037056,413.4903338,409.1206521,466.9892251,515.5785739,550.9023857,577.7288058,640.1515395,694.5193925,725.5280495,776.4814544,783.3310584,760.0270775,778.1405584,746.1412145,778.6226404,888.4259252,959.7732038,1122.018852,1284.776145,1464.284802,1803.632019,1883.512541,2605.863595,2983.672146,3051.572473,3394.7305,3591.513357,3677.662262,3756.436852,3967.817816,3936.046001,3671.849396,3490.725902,3611.591236,,,
Lower middle income,LMC,Adjusted net national income per capita (current US$),NY.ADJ.NNTY.PC.CD,,,,,,,,,,,,127.1738115,134.2890063,151.4036627,179.3811013,192.3929172,196.0289781,213.6319423,237.7832692,258.0619433,311.4638622,392.3345677,378.4304427,345.4443513,318.5208269,324.9838698,331.5199595,348.3982686,357.563873,346.9607835,363.3525866,337.7756299,345.4618511,332.5358669,364.8208851,407.2475632,442.0921432,454.9246988,453.390774,473.2965494,472.4006164,472.4071405,488.879705,540.8866616,606.4752652,681.3025833,788.1749903,945.6423332,1010.029327,1072.39352,1251.660571,1364.233367,1427.101809,1496.261647,1612.68654,1614.719088,1664.620894,1755.505024,1811.260993,1875.235678,1793.591867,1975.026656,,,
Low & middle income,LMY,Adjusted net national income per capita (current US$),NY.ADJ.NNTY.PC.CD,,,,,,,,,,,153.4977812,161.909521,176.8959569,218.0724452,261.3185485,281.36155,292.9938608,319.8621015,338.377788,379.5039472,432.7185437,493.0932846,476.2293222,448.9560066,446.4266448,452.9252451,465.2244421,460.2771683,491.1661446,513.6279391,582.9472329,597.2581951,636.7769007,687.3697623,765.0752054,858.0213156,935.3203597,975.6874555,949.177557,918.3059677,969.0326388,954.9541983,961.9396057,1056.502322,1210.815222,1395.520367,1623.930728,1969.583777,2262.94893,2286.155526,2693.134129,3030.59339,3204.561911,3345.519771,3478.804531,3357.513264,3361.195004,3627.118613,3733.831251,3775.025107,3584.396679,4101.577497,,,
Lesotho,LSO,Adjusted net national income per capita (current US$),NY.ADJ.NNTY.PC.CD,,,,,,,,,,,,,,,,,,,,,452.3311537,458.9400215,421.1422601,461.108086,387.5886755,283.8003484,318.0919453,397.5989383,428.582833,422.7527847,492.1494771,544.6958545,594.7345391,566.8662008,574.9297814,624.1654917,585.3115022,606.0348321,529.9369468,536.4587842,505.3857864,545.5813145,512.3340874,755.623618,964.9131969,1031.301038,1072.740688,1102.993454,1102.262557,1017.319675,1229.364001,1266.363958,1164.685069,1091.082756,1092.374061,1055.642923,929.0569852,1004.31863,1105.384802,1054.949247,927.4727011,1037.386126,,,
Late-demographic dividend,LTE,Adjusted net national income per capita (current US$),NY.ADJ.NNTY.PC.CD,,,,,,,,,,,177.6834082,193.5765765,216.2475283,267.66856,302.9860795,327.0328569,344.8040984,392.6719116,402.7209637,453.506187,491.1717388,517.6485734,522.7089892,472.2150086,495.7125421,501.8135472,535.9916452,539.7115027,603.1641307,697.1418704,721.4372368,729.1642484,782.8229816,817.6255343,972.5140463,1223.191258,1369.507396,1419.878313,1357.857168,1230.761632,1329.71194,1364.218971,1436.612222,1620.154452,1926.605118,2296.128127,2757.553794,3477.88302,4224.431797,4094.880142,4812.854497,5688.784603,6108.394136,6513.460437,6746.591822,6272.096763,6249.804926,6914.691748,7409.203733,7501.037176,7228.861114,8406.473088,,,
Lithuania,LTU,Adjusted net national income per capita (current US$),NY.ADJ.NNTY.PC.CD,,,,,,,,,,,,,,,,,,,,,,,,,,,,,,,,,,,,1677.016151,1854.339195,2302.505839,2609.47574,2540.957448,2714.049649,2951.426236,3519.709267,4627.567379,5670.270574,6739.682155,7914.200364,10359.42605,12654.52664,10330.11909,10178.36492,12036.58042,12007.9054,13275.96824,14144.82932,11817.71406,12434.71996,14062.1052,16097.93631,16357.85281,17014.05077,19903.55944,,,
Luxembourg,LUX,Adjusted net national income per capita (current US$),NY.ADJ.NNTY.PC.CD,,,,,,,,,,,2560.037985,2606.954909,3359.585903,4464.659053,5638.355382,5831.349775,6775.859113,7720.07424,9649.668383,11165.71124,12386.03605,10849.06703,11053.26137,11156.79101,10766.98063,11177.26245,15916.41396,19846.29953,21960.27445,22977.07999,29362.46171,31763.61286,34716.58821,34641.01794,36483.01487,43847.26543,43245.50315,39892.73406,39106.57353,41453.67441,37783.66267,37797.45197,39425.74447,46904.25572,61572.53838,66045.15522,64252.39258,81562.14558,82579.17758,57334.18413,63207.69458,68844.40165,73525.2286,72403.40851,75837.97848,55729.10416,58461.79989,66052.63805,69498.27376,62146.07705,66535.38955,77781.1757,,,
Latvia,LVA,Adjusted net national income per capita (current US$),NY.ADJ.NNTY.PC.CD,,,,,,,,,,,,,,,,,,,,,,,,,,,,,,,,,,,,1434.055381,1568.905581,1791.47171,2004.872183,2121.729141,2394.042881,2656.414021,3108.962312,3880.133042,4790.851244,5847.934909,7276.712824,10669.37497,12648.56307,10284.5689,8646.377108,9962.779893,10297.66603,11293.1521,11936.75886,10454.85166,11023.21906,12167.36613,13751.56919,13837.83174,14147.46127,16238.88976,,,
"Macao SAR, China",MAC,Adjusted net national income per capita (current US$),NY.ADJ.NNTY.PC.CD,,,,,,,,,,,,,,,,,,,,,,,,,,,,,,,,,,,,,,,,,,,,,,,,,,,,,,,,,,,,,,,,,
St. Martin (French part),MAF,Adjusted net national income per capita (current US$),NY.ADJ.NNTY.PC.CD,,,,,,,,,,,,,,,,,,,,,,,,,,,,,,,,,,,,,,,,,,,,,,,,,,,,,,,,,,,,,,,,,
Morocco,MAR,Adjusted net national income per capita (current US$),NY.ADJ.NNTY.PC.CD,,,,,,,,,,,,261.453186,296.615387,353.8740234,426.6461182,482.9641418,501.5298462,559.6633301,651.3848877,758.2480469,998.9179688,781.7293701,755.0858154,674.4870605,602.3775024,581.9206543,760.4846191,827.8467407,939.1792603,953.6380005,1083.369751,1141.00769,1172.015381,1076.141846,1202.643188,1279.984863,1410.634766,1255.757446,1332.404175,1306.734497,1202.273438,1206.078247,1276.811768,1555.914429,1760.410034,1834.76001,1990.344604,2259.542725,2610.688477,2563.620605,2500.973633,2673.567871,2577.334717,2790.133301,3042.846191,2796.48999,2795.940918,2933.342285,3118.458008,3125.278076,2909.069092,3372.842773,,,
Monaco,MCO,Adjusted net national income per capita (current US$),NY.ADJ.NNTY.PC.CD,,,,,,,,,,,,,,,,,,,,,,,,,,,,,,,,,,,,,,,,,,,,,,,,,,,,,,,,,,,,,,,,,
Moldova,MDA,Adjusted net national income per capita (current US$),NY.ADJ.NNTY.PC.CD,,,,,,,,,,,,,,,,,,,,,,,,,,,,,,,,,,,,,453.315242,513.4895415,432.8782529,286.3868206,339.6040305,416.0936625,499.1354788,625.5947415,850.4655621,998.256207,1133.877933,1435.218383,2007.00225,1737.653859,2325.872441,2846.273753,3043.246558,3304.059408,3280.621009,2491.675136,2721.029302,3335.536837,3942.506135,4190.865221,4098.907695,4753.255244,,,
Madagascar,MDG,Adjusted net national income per capita (current US$),NY.ADJ.NNTY.PC.CD,,,,,,,,,,,,,,,,,,,,,551.7954984,484.321272,470.1941309,450.7223264,360.6254758,344.4605629,379.1164464,263.777877,252.0989147,240.7379069,291.8907668,226.8963545,253.3174271,271.1966346,219.9110716,223.273633,284.0458402,237.3313991,238.6902868,231.2337138,243.8054947,280.3156115,261.6922399,301.0167647,231.3916515,259.7442196,274.2641875,355.1450953,435.4375498,360.0238898,364.2800487,411.3475185,389.3929685,412.8211378,410.5563549,355.0491725,362.3558659,406.0441195,425.9028726,425.9078066,383.4859234,421.0132893,,,
Maldives,MDV,Adjusted net national income per capita (current US$),NY.ADJ.NNTY.PC.CD,,,,,,,,,,,,,,,,,,,,,,,,,,555.4644393,554.9522174,528.7707217,688.3084385,722.1874499,786.7452381,832.5967941,945.1394913,1021.216387,1132.085985,1325.644635,1462.651813,1600.548393,1663.525129,1782.889256,1871.104854,2605.943106,2630.36547,3028.165624,3486.742452,3275.30679,4372.898739,4324.056455,5242.383089,5318.067258,5524.191005,5837.322004,5954.07596,6464.80045,7146.713866,7752.077686,7962.514569,8391.029448,8898.262245,9068.848878,6001.337505,8388.423326,,,
"Middle East, North Africa, Afghanistan & Pakistan",MEA,Adjusted net national income per capita (current US$),NY.ADJ.NNTY.PC.CD,,,,,,,,,,,,,,,,,,,,,,,,,,,,,,,,,,1363.544313,1371.022392,1536.335078,1654.000807,1701.207671,1655.470252,1714.960581,1835.874718,1823.33016,1795.778333,1924.71315,2197.718516,2518.234305,2904.168052,3391.047298,4010.857591,3690.448922,4183.130587,4521.467977,4774.661393,4633.378848,4639.104201,4198.456825,4261.900227,4325.745357,4381.22897,4301.595462,3892.521864,,,,
Mexico,MEX,Adjusted net national income per capita (current US$),NY.ADJ.NNTY.PC.CD,,,,,,,,,,,604.8673056,649.6047687,725.0639537,864.8756155,1085.342974,1278.311769,1246.99031,1104.184013,1340.001476,1671.014987,2459.609145,3102.681019,1997.94374,1554.480858,1810.482044,1929.369953,1267.87215,1363.300703,1728.92016,2112.300965,2481.331126,3042.081375,3476.813185,4810.566015,4979.245783,3126.542068,3531.54511,4373.860208,4563.206805,5126.575488,5915.82171,6276.270608,6286.152522,5732.848955,6036.261699,6543.664742,7195.633767,7668.301645,7868.494073,6300.814398,7366.453512,7895.612046,7902.193002,8273.186292,8590.456196,7687.132148,6958.927363,7373.224546,7618.078754,7866.614442,6535.727186,7443.533518,,,
Marshall Islands,MHL,Adjusted net national income per capita (current US$),NY.ADJ.NNTY.PC.CD,,,,,,,,,,,,,,,,,,,,,,,,,,,,,,,,,,,,,,,,,,,,,,,,,,,,,,,,,,,,,,,,,
Middle income,MIC,Adjusted net national income per capita (current US$),NY.ADJ.NNTY.PC.CD,,,,,,,,,,,156.3543408,164.963507,180.4279715,222.577094,266.794279,287.3679957,299.339656,326.8227983,345.7567236,388.0262984,442.7135085,505.8548185,488.4575271,460.4899265,458.0982803,464.8591991,477.247438,471.6567761,503.5263892,527.4260597,599.0649423,614.6073634,656.3942742,710.2897024,793.9995951,891.2183584,971.8150269,1014.484932,987.2736305,955.4292527,1006.973906,993.4195862,1000.734097,1101.602336,1263.017187,1457.430436,1699.033959,2065.193732,2373.883419,2398.222158,2834.381352,3232.149453,3426.359695,3582.863492,3728.073225,3600.745679,3609.719567,3899.202272,4033.830147,4083.86393,3885.253672,4458.516115,,,
North Macedonia,MKD,Adjusted net national income per capita (current US$),NY.ADJ.NNTY.PC.CD,,,,,,,,,,,,,,,,,,,,,,,,,,,,,,,,,,1004.119492,1371.014555,1839.873012,1810.715157,1553.341129,1505.110028,1533.373724,1494.470034,1472.296671,1589.925054,1913.7045,2216.612736,2438.984534,2741.825758,3023.502885,3923.603966,3773.976278,3749.382743,4253.98686,3928.313134,4434.571995,4702.597295,4157.525334,4408.877699,4764.058601,5322.638594,5290.938433,5325.979386,5996.110952,,,
Mali,MLI,Adjusted net national income per capita (current US$),NY.ADJ.NNTY.PC.CD,,,,,,,,,,,,,,,,,,,,,212.2334326,180.1485108,149.7552502,144.8476233,135.254552,153.5416944,200.6020431,223.3946682,224.7755167,224.6853132,268.9062261,269.3311556,274.8904214,270.1709016,186.2045817,238.8935218,240.3063208,223.9185624,235.2172082,277.9526535,229.3424394,251.2696406,261.9356075,323.5972814,362.2527148,404.2195334,415.6163356,469.5148371,558.0727716,550.1273822,563.3145027,655.4440508,585.013878,624.9848844,681.4756523,603.9903654,624.8371077,667.4863348,717.5328318,694.9824882,671.7258539,647.8364018,,,
Malta,MLT,Adjusted net national income per capita (current US$),NY.ADJ.NNTY.PC.CD,,,,,,,,,,,,,,,,,,,,,,,,,,,,,,,,,,,,,,,,,,,,,,,,,,,,,,,,,,,,,,,,,
Myanmar,MMR,Adjusted net national income per capita (current US$),NY.ADJ.NNTY.PC.CD,,,,,,,,,,,17.83328875,16.73016437,17.92447617,15.98438913,24.10225832,27.02199687,26.97414445,19.04171094,16.14364864,6.810423176,5.836947014,13.59236754,20.00907928,22.27402123,21.21439024,20.01124549,27.61723016,23.29966491,22.91676164,30.94186122,31.94961312,31.53587673,33.46937862,51.06860196,72.48030521,89.33817901,108.2515788,108.4176913,88.68042695,114.3733626,134.2629527,108.4760006,99.76699751,123.1497487,150.6237848,157.6657236,183.8791376,252.1464144,380.0021661,513.1779165,669.9999956,967.2015768,1039.885989,1068.561927,1073.675814,1071.210598,1017.942327,1028.969312,1131.094909,1149.997001,1313.231506,1049.622085,,,
"Middle East, North Africa, Afghanistan & Pakistan (excluding high income)",MNA,Adjusted net national income per capita (current US$),NY.ADJ.NNTY.PC.CD,,,,,,,,,,,,,,,,,,,,,,,,,,,,,,,,,,709.4983179,727.5845745,846.7076753,931.2564263,957.1033505,977.616037,1011.487156,1055.933071,1068.275504,1045.843442,1116.037124,1282.86743,1432.775009,1640.81808,1976.592199,2334.328698,2320.742388,2577.722488,2607.916288,2744.845191,2520.064454,2484.802882,2330.908613,2419.070868,2355.939235,2184.257637,2132.868019,1979.781867,2206.190579,,,
Montenegro,MNE,Adjusted net national income per capita (current US$),NY.ADJ.NNTY.PC.CD,,,,,,,,,,,,,,,,,,,,,,,,,,,,,,,,,,,,,,,,,,,,,,,4076.389358,5340.972057,6625.945083,5857.527189,5836.808691,6550.512145,5879.40427,6410.123207,6503.186204,5857.053613,6136.76322,6987.783649,7781.822798,7819.283344,6771.268488,8403.730257,,,
Mongolia,MNG,Adjusted net national income per capita (current US$),NY.ADJ.NNTY.PC.CD,,,,,,,,,,,,,,,,,,,,,,1012.638186,1089.325269,1129.853687,837.9836174,837.8156579,1128.544793,1132.984733,1139.219051,1139.119969,869.7079392,960.577625,533.3623283,315.1448473,361.6842681,559.5715603,541.9369255,452.2920849,430.5889268,402.4044527,416.4372419,451.7155123,493.5501928,562.0287864,675.2348391,809.3633069,1003.614354,1245.58654,1639.628936,1309.193519,1848.616455,2568.185493,3304.778023,3466.557572,3154.45141,2831.94092,2648.594218,2393.355715,2878.387181,3115.040737,2939.559917,2762.494618,,,
Northern Mariana Islands,MNP,Adjusted net national income per capita (current US$),NY.ADJ.NNTY.PC.CD,,,,,,,,,,,,,,,,,,,,,,,,,,,,,,,,,,,,,,,,,,,,,,,,,,,,,,,,,,,,,,,,,
Mozambique,MOZ,Adjusted net national income per capita (current US$),NY.ADJ.NNTY.PC.CD,,,,,,,,,,,,,,,,,,,,,,,,,,,,,,,,211.7558378,137.1274823,143.0578696,134.1896906,122.0827658,172.8361022,212.8560656,236.3522641,276.9370937,248.0907088,224.7281463,211.4114825,260.1595344,323.3125098,356.5146844,362.5595252,408.9413353,478.810826,455.5717094,403.3782276,506.1332528,560.4255706,558.3723899,558.5935243,478.9661239,346.1664631,361.5122781,401.4417349,395.08235,345.2501603,370.5211127,,,
Mauritania,MRT,Adjusted net national income per capita (current US$),NY.ADJ.NNTY.PC.CD,,,,,,,,,,,,,,,,,,,,,640.6548382,644.23324,624.2489387,633.7119163,575.4829935,508.8497994,584.0723044,651.0283054,672.296364,674.5556094,681.5110246,973.3122751,945.4915973,768.658732,780.5211712,814.8922265,855.1709218,809.3269537,773.1673072,741.1094654,644.9156053,592.2022021,616.0885354,701.2973913,772.3468842,899.9466805,1020.782239,1102.749211,1303.068792,1269.534434,1365.886184,1589.177566,1519.231237,1624.956063,1434.137813,1352.093741,1373.25681,1416.737619,1567.198087,1633.702468,1647.919902,1772.217274,,,
Mauritius,MUS,Adjusted net national income per capita (current US$),NY.ADJ.NNTY.PC.CD,,,,,,,,,,,,,,,,,751.0317503,852.4732522,1031.108413,1193.93119,1087.793186,1061.360564,988.964745,998.1815359,943.9044882,968.9567973,1317.878923,1717.229129,1927.905289,1967.712185,2366.869873,2532.725168,2793.590095,2757.945702,2898.706434,3216.227571,3443.875431,3191.661374,3134.27764,3241.530003,3468.99939,3452.212851,3624.279415,4304.069868,4863.480288,4751.526338,5168.70655,6094.649444,7248.640873,6321.887413,6872.94022,7760.726582,7767.903493,8304.54483,8839.161578,8194.757439,8599.241964,9572.136458,10358.52683,10263.5381,8094.482298,8167.696743,,,
Malawi,MWI,Adjusted net national income per capita (current US$),NY.ADJ.NNTY.PC.CD,,,,,,,,,,,,,,,,,,,,,154.2092729,151.2371447,135.4334183,141.5140414,138.9548396,126.0337489,121.572969,111.0076707,127.3686278,139.3518074,160.3355287,186.5420286,144.727963,168.7119607,84.17993807,97.48669119,176.6073045,210.0918371,123.7354438,127.5648413,121.2501188,114.7751591,246.4661686,212.3409272,231.8217206,235.719626,248.5084429,267.8381394,311.1578866,337.4051554,370.3329092,420.5362652,291.4940012,263.6613481,281.1542056,295.5953716,251.6751374,421.4651141,465.7924706,512.398439,556.8341617,563.0449238,,,
Malaysia,MYS,Adjusted net national income per capita (current US$),NY.ADJ.NNTY.PC.CD,,,,,,,,,,,267.20149,275.0450601,283.724482,380.0425491,536.2282071,477.4108647,552.3411799,632.2428773,818.7015427,866.5038444,999.3699902,1163.729776,1062.826413,1161.190315,1431.308385,1224.64953,985.2459966,1037.355508,1202.098015,1231.254454,1439.218996,1675.984574,1970.54835,2255.885844,2498.626537,2938.653278,3270.745174,3168.215977,2105.302382,2241.828578,2594.389559,2585.735136,2833.891663,3002.043708,3408.629189,3829.405582,4322.181333,5168.777826,5932.687859,5252.04384,6407.026736,7517.54403,7701.612734,7818.131487,7891.907067,7018.848649,6925.197735,7086.4651,7668.782461,7839.045747,7321.928684,7704.953612,,,
North America,NAC,Adjusted net national income per capita (current US$),NY.ADJ.NNTY.PC.CD,,,,,,,,,,,4446.619389,4757.650866,5208.034329,5780.084702,6083.081919,6494.600689,7212.065296,7884.907045,8753.231395,9364.060339,9984.734473,11287.55717,11832.80338,12570.00725,13973.44366,14791.32132,15450.84238,16407.94239,17887.19001,18902.27128,19638.29581,20017.58662,20753.95242,21327.12632,22403.02788,23367.6051,24504.94576,25892.21363,27149.60439,28437.16114,30015.49115,30626.31567,31235.03276,32490.92032,34602.50948,36650.52989,39078.70656,40138.61388,39936.88603,38545.98797,40885.48304,42642.88188,44535.44831,45370.0591,46921.47236,47568.00081,47868.268,49803.36961,51991.67474,53518.18215,51926.33645,57249.81501,,,
Namibia,NAM,Adjusted net national income per capita (current US$),NY.ADJ.NNTY.PC.CD,,,,,,,,,,,,,,,,,,,,,,,,,,,,,,,1720.755481,1917.54742,2090.023389,1918.957556,2126.860919,2285.5674,2190.9555,2207.851249,2021.13821,1900.856818,1923.520778,1690.130087,1587.437139,2357.366157,3017.124197,3146.195145,3439.064954,3597.387438,3550.828772,3619.70832,4451.082302,4832.393,4985.797817,4688.968006,4683.994376,4166.630808,3727.418851,4383.343448,4496.628371,4030.654589,3334.701483,3617.974066,,,
New Caledonia,NCL,Adjusted net national income per capita (current US$),NY.ADJ.NNTY.PC.CD,,,,,,,,,,,,,,,,,,,,,7056.601548,5870.359718,5434.571449,4920.261383,4669.024379,4872.802117,6770.865265,8250.243915,9863.072784,9848.842437,12730.93316,12210.92213,13695.85998,13122.43535,13612.07286,15001.60084,14863.65146,13098.82315,12995.02851,12004.30483,9342.19703,,,,,,,,,,,,,,,,,,,,,,,,
Niger,NER,Adjusted net national income per capita (current US$),NY.ADJ.NNTY.PC.CD,,,,,,,,,,,,140.0593618,145.5129916,177.1292333,189.4707886,185.5393654,185.2965149,218.2494972,283.4242608,319.3879536,372.5991068,304.9831807,272.041901,237.520839,181.2490936,183.8029233,239.1374665,264.9349765,264.4334844,252.4294692,393.9839691,362.1316277,365.4166545,315.7736889,194.3199929,224.9482296,227.8332182,208.973052,246.6037578,229.720506,195.2554057,209.3640683,231.3853092,272.1306254,296.5323787,336.7549683,349.3248693,403.2502943,495.4306484,479.9101834,495.3123615,533.8820569,533.9604203,551.5624925,565.3995971,494.5363719,501.8618198,519.5663171,587.8010375,565.8013076,532.6170935,592.226305,,,
Nigeria,NGA,Adjusted net national income per capita (current US$),NY.ADJ.NNTY.PC.CD,,,,,,,,,,,197.0882997,136.2621372,173.875387,207.4485015,276.9111345,336.1285937,429.6294498,405.1482713,417.793811,401.383618,592.4509621,1865.039816,1604.994355,1049.241646,757.9626507,721.7555226,533.4135749,478.3551402,461.826437,346.0910492,405.4528048,384.5387126,354.0543522,176.0027979,232.9176114,308.0257844,350.3528573,370.8432486,378.8660548,410.6132849,397.5655552,445.9499135,582.7971053,609.0507902,753.4746782,925.8331476,1336.143484,1482.603685,1745.064109,1526.75238,1760.840703,1887.547971,2108.570019,2340.356553,2601.389273,2241.012089,1812.315359,1605.39994,1700.061823,1790.763503,1697.976912,1662.532378,,,
Nicaragua,NIC,Adjusted net national income per capita (current US$),NY.ADJ.NNTY.PC.CD,,,,,,,,,,,,281.7396894,288.9811905,342.5505683,465.2951896,476.238643,535.5280923,641.3840497,579.1274166,400.8113869,570.7696303,610.4562483,604.481911,656.5375337,728.1386766,607.8648553,671.8281003,907.8370125,517.7630686,177.4254335,218.3810463,244.7597563,266.0168777,267.1496133,681.1540733,739.9854111,770.8387157,785.665651,836.4696964,860.152056,898.1965627,914.9211586,892.6378443,900.2831527,971.9131456,1063.237403,1109.404272,1207.225468,1364.931524,1310.420268,1347.172943,1469.186779,1543.787777,1574.879611,1715.007071,1817.117026,1845.904938,1886.71927,1763.488722,1713.324155,1628.193706,1747.483296,,,
Netherlands,NLD,Adjusted net national income per capita (current US$),NY.ADJ.NNTY.PC.CD,,,,,,,,,,,2561.716875,2923.658507,3554.264198,4704.223712,5435.491264,6220.911558,6788.336004,7873.759204,9520.870004,10810.74553,11501.4401,9497.464231,9145.361239,8836.197872,8295.564671,8111.386181,11317.88142,13835.52051,14596.23916,14326.88993,17198.46027,17656.30322,19305.4018,18777.69303,20271.84788,24342.4339,24320.39727,22413.37005,23160.03359,23844.12451,21979.62974,21894.7603,23744.07832,29386.40568,33160.50489,34410.3757,37261.55602,42859.08328,45441.87431,41457.63138,41485.07269,44453.57419,40527.21508,42399.31395,43058.08046,36999.53244,37170.14376,40003.30182,43940.0424,42706.65913,41293.75737,46419.70712,,,
Norway,NOR,Adjusted net national income per capita (current US$),NY.ADJ.NNTY.PC.CD,,,,,,,,,,,2758.579457,3144.566975,3707.469911,4797.59635,5678.386895,6798.644497,7272.304637,8224.045118,8994.209712,9962.592254,12006.79475,12048.28768,11904.33799,11483.13925,11506.38774,12237.21589,14973.04599,17521.80792,18515.22073,17954.12898,20580.53489,21541.91414,23144.74394,21015.14732,22345.28119,26850.07415,28212.57348,28300.19176,27906.67561,28327.11988,27940.50964,29556.18527,33279.78861,39178.40324,44745.83689,52495.25273,57640.68154,66289.58105,72925.95616,62013.78765,69298.7699,77792.24629,79207.1417,81275.5747,78188.04894,61241.28733,58475.32388,61772.57771,66488.26338,60649.02313,53949.8025,69953.01923,,,
Nepal,NPL,Adjusted net national income per capita (current US$),NY.ADJ.NNTY.PC.CD,,,,,,,,,,,,67.78165581,76.87933698,71.27893402,87.26103933,110.2429041,99.47783812,91.83122832,103.8469045,116.5203262,119.3377888,136.7333132,140.9796609,140.2265401,146.7405091,143.4040339,152.8190795,155.4597786,182.7911465,181.9515628,182.73584,192.5738917,162.2149145,169.4130618,183.8040489,193.1287045,195.6612827,207.9695101,200.5808569,202.7330498,217.1837611,232.6403167,229.9640386,238.8238371,268.2203998,297.069206,328.0459586,371.4489979,448.1389187,457.4054298,561.0510623,748.4314544,754.3354193,768.4497385,793.3018089,832.0276961,824.8121836,980.2782562,1110.544103,1131.126305,1084.742579,1148.158612,,,
Nauru,NRU,Adjusted net national income per capita (current US$),NY.ADJ.NNTY.PC.CD,,,,,,,,,,,,,,,,,,,,,,,,,,,,,,,,,,,,,,,,,,,,,,,,,,,,,,,,,,,,,,,,,
New Zealand,NZL,Adjusted net national income per capita (current US$),NY.ADJ.NNTY.PC.CD,,,,,,,,,,,,2430.216705,2877.520277,3781.197571,3967.972023,3431.022004,3552.6033,3969.705467,4756.659727,5372.932736,6063.773658,6356.520183,6182.759771,6105.863303,5295.793363,5903.865663,7462.559641,9818.131048,11164.03857,10759.4499,10966.62043,9441.384922,9109.10333,10110.21773,11943.26445,13729.90505,14579.0489,13802.09392,11834.41881,12131.4062,10713.47709,11055.34566,13539.77358,17792.46753,20395.30592,21955.78663,20882.77272,25405.15074,23867.85121,22466.35647,26700.63662,30794.53089,32281.40969,35087.22424,36328.59763,31702.73037,33030.98368,35289.26094,35119.88386,35420.77533,34536.81716,40518.24554,,,
OECD members,OED,Adjusted net national income per capita (current US$),NY.ADJ.NNTY.PC.CD,,,,,,,,,,,2277.413441,2482.095372,2847.536109,3402.14534,3706.048056,4092.077129,4398.079085,4907.082089,5850.6815,6596.640037,7198.698568,7268.55692,7118.810806,7247.638061,7576.311913,7909.930057,9522.303379,10951.61832,12323.77724,12710.36241,14115.61334,14779.89528,15730.55926,15737.42228,16780.49181,18308.67215,18401.24531,18077.39678,18225.17229,18934.15968,19203.96457,18903.57443,19527.85551,21624.33249,23962.19999,25131.29121,26419.48494,28488.34273,29529.37922,27398.07578,28857.37654,30902.49042,30844.04685,31084.72324,31657.74308,29745.48315,30023.6073,31216.97811,32750.62112,32823.26747,31570.60172,34753.802,,,
Oman,OMN,Adjusted net national income per capita (current US$),NY.ADJ.NNTY.PC.CD,,,,,,,,,,,168.161227,198.2358404,215.5473757,118.8709137,690.0359719,1009.720704,1389.728532,1620.050313,1690.103474,1424.938548,3152.252526,4107.582101,4582.699555,4271.841298,4621.409373,4728.014939,3488.102253,3105.760018,3135.39176,3048.608866,3393.029716,3871.336972,4007.303038,3851.199074,3964.891284,4101.890176,4199.06045,4478.416616,4176.894894,4201.168925,4500.183102,4844.091397,5340.932386,5680.508785,6125.773314,6916.920424,8478.248433,9508.454275,13502.36996,9891.056403,12938.59903,12427.46111,12817.49839,12560.68782,12625.21354,12261.01659,11543.13252,11694.26305,13312.864,12866.7517,12038.70864,12557.81319,,,
Other small states,OSS,Adjusted net national income per capita (current US$),NY.ADJ.NNTY.PC.CD,,,,,,,,,,,,,,,,,,,,,,,,,,,,,,,,,,,,,,,,,3399.229615,3506.956544,3762.320529,4644.969171,5449.324043,5945.947994,6600.115514,7788.81819,8912.943169,7824.09943,8010.927159,9169.236949,8830.857081,9257.54234,9407.68036,8448.143547,8783.695536,9700.857918,10354.05768,10362.94265,9260.230136,10285.37105,,,
Pakistan,PAK,Adjusted net national income per capita (current US$),NY.ADJ.NNTY.PC.CD,,,,,,,,,,,143.973776,155.9576613,132.8333884,87.02380613,114.3884187,140.8695844,160.579213,175.4352466,203.8430605,206.3728808,260.7333221,298.4664427,313.7680184,281.48807,295.9235095,284.4596178,280.6577115,282.9410846,316.5440735,318.7597573,303.8242782,336.6153013,347.1877176,358.3807706,350.6628389,395.4584319,399.3169809,380.5354373,367.4846465,365.8103482,461.2353234,434.1195676,424.2665011,480.8116999,554.1089719,601.3485392,672.9384518,730.3819023,798.4317008,778.5000356,808.5300527,963.1957962,992.5963166,1009.863248,1055.618424,1159.446046,1328.741548,1417.920421,1461.09408,1293.158444,1189.742041,1363.232952,,,
Panama,PAN,Adjusted net national income per capita (current US$),NY.ADJ.NNTY.PC.CD,,,,,,,,,,,,810.2499763,864.5066035,963.0446325,1067.599538,1186.663665,1202.293648,1424.407102,1656.48669,1823.156993,1944.201924,2135.174412,2408.564202,2543.58689,2490.176047,2665.930986,2578.515096,2830.455836,2272.600293,2155.745789,2312.916847,2418.334,2780.995847,2995.339063,3158.884049,3065.50787,3203.657947,3328.073911,3522.782683,3546.359473,3573.900056,3549.892516,3732.494958,3708.959234,3963.451796,4251.314973,4596.456156,5398.488765,6330.101857,6786.056397,7005.916712,8341.95848,9459.134188,10512.58218,11008.51087,11973.15565,12431.77811,13233.75063,13209.44868,13335.63789,10890.46942,11846.94732,,,
Peru,PER,Adjusted net national income per capita (current US$),NY.ADJ.NNTY.PC.CD,,,,,,,,,,,479.571595,526.4931135,567.9540178,644.6084381,783.5431174,957.4332892,865.3101181,778.9949501,623.2476307,723.4766521,795.4154435,1001.738335,999.1063105,735.1156823,721.4350573,670.2538953,624.5289873,837.5141234,540.5109699,801.2206096,965.303427,1338.004483,1384.362999,1316.097352,1649.594321,1902.365111,1964.258174,2041.702091,1932.151571,1693.46469,1699.619087,1715.56046,1786.575753,1874.666326,2032.546393,2258.488921,2455.776964,2841.78864,3432.649408,3487.55411,4166.571933,4760.848084,5409.398819,5710.545549,5707.094674,5394.27959,5262.984077,5605.941852,5758.865069,6033.402536,5281.024845,5142.144386,,,
Philippines,PHL,Adjusted net national income per capita (current US$),NY.ADJ.NNTY.PC.CD,,,,,,,,,,,,190.24321,200.805073,250.4618905,344.4460921,364.9601313,407.2311765,459.2977151,519.0092521,601.8182155,695.5212248,747.0638342,748.2372116,645.1714338,572.6502686,543.0123253,514.8683779,564.6606331,635.9614631,700.7030787,726.5680609,736.2902542,850.2938752,849.9221585,991.2403936,1122.782052,1240.91372,1225.444522,1031.38843,1154.056954,1062.237953,977.8150409,1021.436857,1030.45418,1073.039302,1193.166706,1381.087409,1632.712535,1905.925694,1864.367935,2139.735068,2348.505245,2621.081667,2814.873198,2886.666823,2957.761199,3034.559766,3086.413894,3200.757588,3391.151239,3130.213044,3196.290905,,,
Palau,PLW,Adjusted net national income per capita (current US$),NY.ADJ.NNTY.PC.CD,,,,,,,,,,,,,,,,,,,,,,,,,,,,,,,,,,,,,,,,,,,,,,,,,,,,,,,,,,,,,,,,,
Papua New Guinea,PNG,Adjusted net national income per capita (current US$),NY.ADJ.NNTY.PC.CD,,,,,,,,,,,,,,,,,,,,,585.7152875,579.6239594,528.803671,556.3061686,587.9343174,512.1610193,553.291529,607.7949673,697.4527979,667.3137089,592.0311132,695.4107797,689.6459259,733.6632208,813.2356721,632.2877954,698.5218946,742.42709,544.8904811,464.030767,431.6446139,387.2937329,356.5686761,373.5006506,391.3120009,476.223424,800.7626139,949.037118,1109.976348,1125.833578,1256.625205,1541.199467,2078.233343,2015.540048,2240.069333,2006.075634,1896.059932,1985.829179,2049.694429,2009.500934,1990.525663,1831.827625,,,
Poland,POL,Adjusted net national income per capita (current US$),NY.ADJ.NNTY.PC.CD,,,,,,,,,,,,,,,,,,,,,,,,,,,,,,,977.0743337,1311.334237,1526.95616,1756.538836,2282.401479,3089.87543,3508.289669,3499.555849,3847.934265,3746.895427,3847.901058,4251.626773,4438.613765,4815.263554,5524.964249,6747.053336,7543.108523,9386.707871,11941.31745,9791.852122,10519.15177,11566.23716,11004.72519,11445.9394,11957.20904,10613.08062,10405.66126,11609.61813,13050.24223,13241.2566,13469.78049,15410.7923,,,
Pre-demographic dividend,PRE,Adjusted net national income per capita (current US$),NY.ADJ.NNTY.PC.CD,,,,,,,,,,,,,,,,,,,,,220.453397,384.0394316,349.6763415,264.1076765,228.4301336,221.3694438,208.3361525,213.4441088,218.6378751,197.5349553,323.2449468,318.3487155,284.4254477,231.8845265,202.7910305,259.6971037,282.8003629,306.3287205,318.0499406,347.7910086,368.5736394,341.9371177,389.064793,404.8420385,484.131308,564.0543622,726.9481645,837.0977025,1012.797997,953.1878719,1041.561025,1157.876427,1264.210481,1371.506716,1467.301963,1261.055788,1138.105115,1154.543297,1141.915064,1167.807233,1084.367935,1107.918388,,,
Puerto Rico (US),PRI,Adjusted net national income per capita (current US$),NY.ADJ.NNTY.PC.CD,,,,,,,,,,,,,,,,,,,,,,,,,,,,,,,,,,,,,,,,,,,,,,,,,,,,,,,,,,,,,,,,,
"Korea, Dem. People's Rep.",PRK,Adjusted net national income per capita (current US$),NY.ADJ.NNTY.PC.CD,,,,,,,,,,,,,,,,,,,,,,,,,,,,,,,,,,,,,,,,,,,,,,,,,,,,,,,,,,,,,,,,,
Portugal,PRT,Adjusted net national income per capita (current US$),NY.ADJ.NNTY.PC.CD,,,,,,,,,,,772.1436102,877.4602944,1072.628562,1471.451208,1708.259654,1780.007472,1837.295361,1911.447051,2018.206149,2272.583559,2775.593809,2647.398948,2443.934768,2181.521891,1986.544121,2149.069379,3148.041716,3969.647727,4691.177933,5100.447929,6718.214865,7693.710649,9395.092882,8262.714661,8591.61387,10041.03488,10379.76081,9810.453579,10359.03752,10587.88706,9581.170966,9719.101154,10710.6175,13119.00682,14937.84301,15491.62447,16057.54425,18495.42442,19952.09103,18430.25803,17942.0894,18736.50805,16374.40144,17588.49093,17781.06752,15410.87801,16058.31957,17263.45703,18831.44531,18587.77708,17471.06556,19318.46756,,,
Paraguay,PRY,Adjusted net national income per capita (current US$),NY.ADJ.NNTY.PC.CD,,,,,,,,,,,,,,,,,,,,,,,,,,,,,,,,,,,,1578.139013,1766.084509,1678.355383,1525.240046,1406.539767,1300.221004,1259.366914,1121.328151,1089.353612,1383.259242,1525.838319,1952.545806,2708.901943,3723.953569,3312.790099,3993.942268,4950.512719,4767.95116,5541.789317,5817.495633,5169.88319,5108.910344,5494.819962,5583.799914,5194.127248,4747.872284,5263.788268,,,
West Bank and Gaza,PSE,Adjusted net national income per capita (current US$),NY.ADJ.NNTY.PC.CD,,,,,,,,,,,,,,,,,,,,,,,,,,,,,,,,,,,,,,,,,,,,,,,,,,,,,,,,,,,,,,,,,
Pacific island small states,PSS,Adjusted net national income per capita (current US$),NY.ADJ.NNTY.PC.CD,,,,,,,,,,,,,,,,,,,,,1281.219843,1295.165687,1198.411108,1128.803366,1154.254461,1081.654517,1156.70679,1074.503542,1070.229699,1095.831445,1205.234943,1258.171571,1362.603552,1425.653569,1613.619878,1749.398259,1865.773976,1810.959667,1508.947918,1646.960166,1521.624045,1457.32228,1532.536925,1811.744393,2090.413102,2304.839834,2317.959856,2572.326564,2745.36494,2454.858042,2640.774105,2957.283473,3090.079767,3299.875703,3457.866415,3327.809684,3425.718802,3606.279852,3770.295465,3735.50138,3330.464057,3278.15292,,,
Post-demographic dividend,PST,Adjusted net national income per capita (current US$),NY.ADJ.NNTY.PC.CD,,,,,,,,,,,2435.904263,2662.018379,3060.896489,3662.487618,3985.14515,4409.711919,4753.628035,5327.590516,6371.292072,7166.333767,7807.697812,7848.5942,7800.388891,8011.843589,8393.936909,8781.46285,10686.75413,12333.34432,13894.53082,14322.05159,15888.00916,16620.31043,17692.04877,17587.86682,18851.50632,20786.83092,20850.2574,20420.3389,20524.29327,21387.642,21641.87997,21349.90729,22110.87635,24626.32676,27310.08342,28567.11655,30026.86558,32298.88428,33415.25024,31243.38204,32810.29522,35195.29562,35166.76794,35356.26056,36037.25087,34005.24378,34481.49226,35910.24159,37831.87227,38020.16559,36763.8715,40486.84588,,,
French Polynesia,PYF,Adjusted net national income per capita (current US$),NY.ADJ.NNTY.PC.CD,,,,,,,,,,,,,,,,,,,,,7697.711284,6964.737186,6755.648425,6804.952527,6837.420405,7195.058573,10756.49054,12737.08033,12646.24636,12388.82889,14750.40397,14865.86828,20164.87323,19044.67095,19443.6395,21821.16257,21445.1847,18718.29511,18829.74682,18388.47937,16448.86942,,,,,,,,,,,,,,,,,,,,,,,,
Qatar,QAT,Adjusted net national income per capita (current US$),NY.ADJ.NNTY.PC.CD,,,,,,,,,,,1561.827907,1421.500103,1392.911546,1544.890393,4115.749727,5089.971613,5947.170894,6886.605834,7516.745776,4807.094321,14173.47217,19104.33762,18403.45938,14854.2465,12597.16571,13359.11109,11769.84723,11459.79866,11619.12181,10679.72217,9337.815921,10801.71063,11572.53257,10562.68708,10508.093,11352.77372,10831.44708,14852.92632,12087.63091,13614.99318,17659.53615,18013.96708,20769.75308,24867.54424,29684.08912,35617.60747,42825.10911,45383.60302,53179.38464,39662.06965,47493.89194,63532.87407,69033.67674,68766.72291,66216.93412,51242.55884,46708.39938,48124.73677,51683.18094,48711.31999,38207.17645,51676.65701,,,
Romania,ROU,Adjusted net national income per capita (current US$),NY.ADJ.NNTY.PC.CD,,,,,,,,,,,,,,,,,,,,,,,,,,,,,,1302.056424,1204.058266,929.7716244,813.8629883,845.1029889,968.6290529,1196.829329,1162.188165,1158.98714,1422.191543,1226.434493,1282.588438,1408.830991,1585.298155,2008.780092,2628.137905,3585.428619,4513.145977,6573.778988,8526.609261,6961.115023,6749.996829,7534.116193,7016.996323,7498.974513,8035.845581,7210.654432,7538.865946,8658.807084,10026.95213,10527.76751,10801.98354,12194.36363,,,
Russian Federation,RUS,Adjusted net national income per capita (current US$),NY.ADJ.NNTY.PC.CD,,,,,,,,,,,,,,,,,,,,,,,,,,,,,,,,,1554.290161,1452.481201,1333.889526,1275.903198,1558.497437,1711.195679,1174.384399,953.1236572,1279.403687,1567.569824,1784.850098,2217.161133,3147.068604,4072.273438,5363.662109,7270.679199,9083.581055,6691.590332,8539.917969,11354.21191,12219.17285,12561.48047,11003.34375,7375.267578,6884.127441,8400.762695,8667.761719,8831.005859,8080.555664,8992.818359,,,
Rwanda,RWA,Adjusted net national income per capita (current US$),NY.ADJ.NNTY.PC.CD,,,,,,,,,,,,,,,,,,,,,204.1659755,233.4469802,219.0434257,229.0815335,236.8057395,246.9071236,264.3715498,284.4951076,304.9131858,293.4320837,302.2654869,216.7076793,226.2671875,212.3176861,78.81499245,176.6216637,158.8581871,188.4646849,194.9902354,221.7339,214.2725989,200.3042613,196.3771832,200.9609534,222.8326776,272.8091719,302.9773085,358.6494042,429.0204461,461.0680354,486.5957808,532.2312671,573.91221,568.3666638,581.5624262,597.1413101,587.8452607,601.740449,620.0901539,655.5833576,633.3931554,673.7038349,,,
South Asia,SAS,Adjusted net national income per capita (current US$),NY.ADJ.NNTY.PC.CD,,,,,,,,,,,103.1052733,108.7468615,113.1229054,131.5968942,153.1895828,155.7255834,145.4015748,163.235506,181.6490638,199.4848332,237.7192424,241.2240907,239.780836,253.0228459,242.4238099,258.630086,270.1127766,293.9739379,306.4940275,299.4090923,316.8851526,266.5352613,277.3601597,268.1883729,304.5895789,329.225923,356.8670214,370.115478,370.3872802,391.0810683,389.7275606,396.1163078,411.4547639,474.0469516,536.5442188,604.8125696,676.6405738,850.6768202,832.1403321,931.4442835,1132.550573,1217.818161,1211.676065,1229.594692,1340.308199,1388.569478,1513.562917,1731.171802,1756.73658,1843.029872,1723.391773,1986.804051,,,
Saudi Arabia,SAU,Adjusted net national income per capita (current US$),NY.ADJ.NNTY.PC.CD,,,,,,,,,,,1086.678433,1325.982655,1537.253898,2024.64829,6250.806112,7554.833408,10154.47664,10844.97225,11349.78211,10302.6851,16303.55339,19210.09468,18238.10612,15286.86089,13110.28257,11514.61646,9260.439866,8509.749227,8526.793793,8515.62931,8964.325097,9685.824189,9762.626774,9051.196267,8631.830588,8801.464179,8982.01009,9227.922034,8046.649286,8637.369766,9199.631808,8723.790272,8732.33435,9083.918374,10050.36594,12181.7532,13468.3052,14524.06511,16970.33212,14592.92209,17960.53454,20885.2421,21903.28377,21103.60529,21162.18183,17766.44747,17319.81832,18360.64505,22216.00588,22182.198,18838.3821,,,,
Sudan,SDN,Adjusted net national income per capita (current US$),NY.ADJ.NNTY.PC.CD,,,,,,,,,,,,,,,,,,,,,,,,,,,,,,,,,,,,,,,,,,,,,,,,,,,,1451.39624,1470.530273,1469.777466,1780.383545,1900.490356,2245.953125,2685.498779,627.3396606,599.9625854,485.285614,598.4122925,,,
Senegal,SEN,Adjusted net national income per capita (current US$),NY.ADJ.NNTY.PC.CD,,,,,,,,,,,,269.5345368,316.7497554,347.9457828,376.4443827,492.5445358,496.3747666,493.5290655,539.6658104,662.6987133,708.2530952,624.5360621,606.044343,529.3493442,502.9778524,541.1000915,747.0985456,872.7001396,834.5477152,802.9082479,905.669161,855.9476965,890.8643391,800.2787491,523.2569831,629.8787138,644.6948529,571.294951,601.4312033,592.5880816,527.5246783,563.5944068,589.3364315,724.0966864,815.050222,869.9820062,902.6569896,1058.535628,1252.856421,1159.150221,1134.829224,1202.747752,1151.091206,1199.728866,1218.578802,1062.340567,1100.875398,1189.313613,1269.083559,1241.178618,1267.66175,1376.938472,,,
Singapore,SGP,Adjusted net national income per capita (current US$),NY.ADJ.NNTY.PC.CD,,,,,,,,,,,,996.4637156,1167.499534,1515.51014,2061.224439,2260.632106,2428.731941,2468.127727,2788.21156,3402.357407,4009.061438,4482.744953,4876.335479,5486.684197,6157.126066,5975.04405,5659.443953,6065.89226,7395.316082,8777.944901,10038.8698,12202.45454,13795.02975,15241.77342,18683.65315,21917.98652,22712.22661,23608.05212,18971.84876,18719.43406,20280.94915,18081.47199,18040.14087,19054.05927,21398.13363,23539.88371,27931.84203,32959.45037,32449.60342,30670.10956,40278.66499,44678.09978,45310.39946,45715.85554,47257.56798,43257.86202,44514.64595,47208.5108,48006.3351,46216.4181,40860.48066,50689.9927,,,
Solomon Islands,SLB,Adjusted net national income per capita (current US$),NY.ADJ.NNTY.PC.CD,,,,,,,,,,,,,,,,,,,,,666.9219555,731.291819,684.3121552,620.2951982,593.2184334,527.2617391,452.074111,457.155749,503.8503981,479.5177119,594.3247175,598.2162451,687.555652,765.6225215,996.2685715,1106.658803,1168.143001,1168.624695,978.3577572,990.7999214,866.5304797,834.6636789,680.0823213,819.8528188,911.9883072,1042.035319,1130.13047,1212.995449,1293.664415,1315.83744,1454.384162,1574.035447,1733.389459,1965.182359,1950.616498,1842.37523,1851.317917,1915.934603,2055.011886,2014.753797,1931.169079,1974.058668,,,
Sierra Leone,SLE,Adjusted net national income per capita (current US$),NY.ADJ.NNTY.PC.CD,,,,,,,,,,,,,,,,,,,,,269.8043253,270.9030346,305.6982347,230.1927387,255.2187132,197.8583787,90.51894643,143.08037,214.4835051,182.1478533,105.654611,136.5761377,113.0797967,145.9458376,158.0801225,151.174347,171.2929739,152.5336759,105.9416246,119.9416985,110.8614634,194.4164704,210.9429083,213.1780338,219.2051332,247.2186739,282.0790241,333.0967201,390.6820521,374.636655,359.6151286,388.4256046,522.6483217,645.7875772,624.7856882,507.4644474,372.2399152,412.5296504,437.3732876,458.8978614,437.7147019,426.1869189,,,
El Salvador,SLV,Adjusted net national income per capita (current US$),NY.ADJ.NNTY.PC.CD,,,,,,,,,,,,295.5255731,307.6505067,342.5619749,382.7539612,422.3977145,523.3259768,645.1938094,663.7834852,724.5806565,726.7627902,690.4044067,662.0919636,680.9959796,701.2035559,719.3281114,700.6933556,721.6330625,749.6751103,767.7818992,819.0148733,876.729358,966.0960173,1104.672145,1262.699438,1456.417622,1549.750122,1631.772238,1735.1825,1753.773767,1824.958071,1881.767614,1923.383216,1988.098707,2043.178413,2190.689073,2382.617819,2518.394364,2642.602407,2540.333614,2666.647034,2954.688644,3033.327819,3051.757099,3111.704498,3205.960987,3266.583474,3329.518054,3426.776045,3567.957559,3208.337881,3710.660817,,,
San Marino,SMR,Adjusted net national income per capita (current US$),NY.ADJ.NNTY.PC.CD,,,,,,,,,,,,,,,,,,,,,,,,,,,,,,,,,,,,,,,,,,,,,,,,,,,,,,,,,,,,,,,,,
"Somalia, Fed. Rep.",SOM,Adjusted net national income per capita (current US$),NY.ADJ.NNTY.PC.CD,,,,,,,,,,,,,,,,,,,,,81.47264435,96.84555653,100.5051428,98.50562416,98.048536,108.1338168,104.4399866,112.5125394,113.94061,120.4492084,93.8333341,,,,,,,,,,,,,,,,,,,,,,,265.7309358,279.904785,284.330978,281.1107645,277.1793348,305.6489595,330.366143,332.6728523,356.3946313,,,
Serbia,SRB,Adjusted net national income per capita (current US$),NY.ADJ.NNTY.PC.CD,,,,,,,,,,,,,,,,,,,,,,,,,,,,,,,,,,,,,,,,,,,,,,,3630.399303,4786.635817,5846.681265,5151.226992,4773.505889,5470.95101,4877.804023,5533.803991,5425.80988,4584.557262,4679.413515,5026.221826,5868.807072,5940.804379,6351.269736,7431.640563,,,
Sub-Saharan Africa (excluding high income),SSA,Adjusted net national income per capita (current US$),NY.ADJ.NNTY.PC.CD,,,,,,,,,,,,190.2992681,207.3482724,258.3597729,314.3809268,337.6376159,353.6598559,362.9030311,398.4038339,434.1097893,565.1170406,872.1574968,774.2641532,641.6999523,539.4974292,469.101243,467.4526651,510.4408869,524.3821145,492.9972192,543.7166614,555.806559,544.3286646,494.9106271,472.9727768,540.8433555,547.0444389,556.8460849,532.6619484,529.4339569,521.8128138,487.9613665,523.270753,648.3761848,781.215926,884.6963099,1032.35243,1127.046177,1194.019027,1189.580857,1342.290639,1452.628431,1493.5678,1567.032281,1641.277397,1455.268841,1317.615925,1369.820117,1372.92581,1358.053789,1257.766043,1342.169316,,,
South Sudan,SSD,Adjusted net national income per capita (current US$),NY.ADJ.NNTY.PC.CD,,,,,,,,,,,,,,,,,,,,,,,,,,,,,,,,,,,,,,,,,,,,,,,,,,,,298.2171157,968.8904629,1356.366123,794.5896276,779.2201828,,,,,,,,,
Sub-Saharan Africa,SSF,Adjusted net national income per capita (current US$),NY.ADJ.NNTY.PC.CD,,,,,,,,,,,,175.4309781,191.1497637,238.2003539,289.9215079,311.4910073,326.3730842,335.19921,368.4462587,402.082857,524.6496035,810.0824203,719.9235727,602.8824912,508.5383139,448.1403757,445.8924889,485.7479834,497.7862171,469.1821457,515.138831,526.9801291,509.5044026,461.5441384,437.0368682,497.5045298,503.9472001,512.4627968,488.7350062,486.6403624,479.9501676,449.1205302,479.2167732,590.3849399,711.981912,807.3403247,942.8609269,1030.677484,1097.433553,1097.885159,1232.192495,1331.527714,1376.782968,1445.678038,1518.644228,1357.268454,1240.613467,1292.469088,1298.519114,1293.409653,1210.186347,1286.741922,,,
Small states,SST,Adjusted net national income per capita (current US$),NY.ADJ.NNTY.PC.CD,,,,,,,,,,,,,,,,,,,,,,,,,,,,,,2074.344455,2304.278128,2407.813884,2608.701204,2557.944742,2697.830206,3111.349413,3242.771249,3342.871285,3466.581581,3571.240938,3683.588252,3788.626645,4006.504305,4675.157042,5376.566572,5874.577893,6526.059877,7571.754348,8663.401382,7420.061171,7705.833871,8334.756586,8326.599432,8778.288461,9095.032089,8594.90516,8511.622031,9187.624914,9598.018039,9644.005829,8507.427499,9470.294797,,,
Sao Tome and Principe,STP,Adjusted net national income per capita (current US$),NY.ADJ.NNTY.PC.CD,,,,,,,,,,,,,,,,,,,,,,,,,,,,,,,,,,,,,,,,,,421.4738381,460.6986281,543.8119689,604.5612829,715.9525758,769.3611874,789.924841,960.8933403,952.6561061,988.1665863,1163.735792,1199.383876,973.0182866,1282.844299,913.9442229,1115.171386,1283.915279,1431.946028,1484.628788,1699.159547,1919.478424,,,
Suriname,SUR,Adjusted net national income per capita (current US$),NY.ADJ.NNTY.PC.CD,,,,,,,,,,,,,,,,,,,,,1765.271823,2084.953245,2139.851197,2003.242361,1982.792451,1938.300461,1961.91071,2114.430173,2502.80454,1111.970651,759.3133097,879.7986633,771.0989799,811.4576764,1207.926151,1393.235184,1652.129911,1704.318972,2052.364233,1537.690548,1516.513179,1177.280887,1737.240182,2000.727246,2255.046034,2639.720257,3849.772904,4329.07809,5041.654948,5720.949974,5467.871009,4497.994185,5328.550069,6152.582916,6773.870507,7242.759398,3933.50065,3613.770349,4653.577375,4748.672079,3156.88893,3132.674475,,,
Slovak Republic,SVK,Adjusted net national income per capita (current US$),NY.ADJ.NNTY.PC.CD,,,,,,,,,,,,,,,,,,,,,,,,,,,,,,,,,,,,3154.626821,3556.055326,3588.495405,3940.023381,4009.089005,3834.726854,4168.89629,4841.705471,6144.111553,7850.255345,8920.300744,10211.90892,12715.45067,15012.36168,13282.12921,13479.6171,14577.73243,14119.20977,14882.05856,15227.83661,13194.8271,13276.4374,14248.59161,15891.48396,15653.30822,15875.11563,17386.33938,,,
Slovenia,SVN,Adjusted net national income per capita (current US$),NY.ADJ.NNTY.PC.CD,,,,,,,,,,,,,,,,,,,,,,,,,,,,,,,,,,,,8866.385565,8816.642952,8506.336669,9056.420571,9342.004614,8153.558888,8430.810763,9454.250856,11914.58197,13735.10193,14480.69518,15741.01806,18967.71225,21884.90531,19537.19566,18501.49636,19709.88523,17479.58302,18184.30807,18948.93669,15900.32756,16741.11205,18495.23635,20777.20677,20799.55978,20345.77611,23493.4749,,,
Sweden,SWE,Adjusted net national income per capita (current US$),NY.ADJ.NNTY.PC.CD,,,,,,,,,,,4162.113913,4508.968476,5296.044499,6413.205134,7050.944973,8849.708765,9468.325957,9859.674544,10825.37469,12757.26198,14680.60338,13275.50018,11593.42861,10583.84463,11050.52077,11509.61344,15273.82606,18595.27996,20852.66062,21697.03844,25680.58258,26549.29404,26897.0118,19711.19401,21623.40811,25357.17191,27555.75088,25246.40711,25552.04673,26206.53854,25025.38067,22859.30563,25085.75241,31984.25532,36331.38474,37127.98038,40452.40966,46849.53731,48848.58678,39718.7948,45188.85553,51652.81811,49429.39237,52089.63528,51104.43077,43373.54543,43610.1867,45639.94056,46269.20867,44558.12293,45322.00707,51830.62661,,,
Eswatini,SWZ,Adjusted net national income per capita (current US$),NY.ADJ.NNTY.PC.CD,,,,,,,,,,,,,,,,,,,,,,,,,,,,,,,1202.714956,1205.594736,1286.65258,1269.09588,1229.295792,1567.467814,1492.303604,1546.1019,1323.113034,1317.561823,1432.567447,1327.357947,1115.36597,1689.882931,2197.929533,2732.389762,2645.874572,2792.688208,2523.879049,2623.202041,3012.036659,3025.843246,2936.681655,2896.015887,2794.782951,2581.366071,2391.256758,2764.211007,3002.285678,2664.962165,2361.575698,2886.409976,,,
Sint Maarten (Dutch part),SXM,Adjusted net national income per capita (current US$),NY.ADJ.NNTY.PC.CD,,,,,,,,,,,,,,,,,,,,,,,,,,,,,,,,,,,,,,,,,,,,,,,,,,,,,,,,,,,,,,,,,
Seychelles,SYC,Adjusted net national income per capita (current US$),NY.ADJ.NNTY.PC.CD,,,,,,,,,,,,,,,,,,,,,,,,,,,,,,,4669.081501,4576.009064,5497.73254,5860.8443,5926.057927,5881.069763,5742.126078,6334.161445,6581.382002,6532.641693,6311.234133,6587.352414,6564.849617,7058.837253,9165.318892,9907.911972,10718.14783,9958.319726,9006.170445,8053.515314,9049.847943,9931.309034,9920.33901,12257.32341,12397.8737,12366.61017,12565.30749,13164.30775,13828.27787,14365.20212,10722.81608,12252.24193,,,
Syrian Arab Republic,SYR,Adjusted net national income per capita (current US$),NY.ADJ.NNTY.PC.CD,,,,,,,,,,,,,,,,,,,,,,,,,,,,,,,,,,,,,,,,,3940.451221,4243.235494,4298.130624,4410.962431,5229.519612,5949.887435,6680.935957,7483.780467,8656.28879,8982.064937,9692.493899,2191.105299,1505.904348,799.0712584,901.0536869,729.2215636,582.9420374,764.1230845,984.9825548,1005.344453,479.3055797,,,,
Turks and Caicos Islands,TCA,Adjusted net national income per capita (current US$),NY.ADJ.NNTY.PC.CD,,,,,,,,,,,,,,,,,,,,,,,,,,,,,,,,,,,,,,,,,,,,,,,,,,,,,,,21872.74059,23359.89885,24479.77293,22736.50423,23373.04521,24053.09356,17787.33535,18783.46716,,,
Chad,TCD,Adjusted net national income per capita (current US$),NY.ADJ.NNTY.PC.CD,,,,,,,,,,,,,,,,,,,,,189.1104774,156.8231836,136.977631,139.5818916,155.9016728,180.1720038,174.6981437,185.2589327,232.4098726,217.0830455,254.0115984,269.1376685,258.5115308,187.0296982,145.1000259,167.1697549,179.657843,166.8952447,185.81681,161.3158816,136.9829752,168.18631,179.5886506,190.3133679,224.0548249,347.5681713,380.3983407,451.4225177,501.1662442,578.5199197,635.7098841,673.451211,677.238274,687.6097952,747.2476475,577.5483944,503.8728638,456.3534877,509.7988771,496.0228846,440.5267782,468.6466316,,,
East Asia & Pacific (IDA & IBRD countries),TEA,Adjusted net national income per capita (current US$),NY.ADJ.NNTY.PC.CD,,,,,,,,,,,102.9790819,107.4625801,118.1422757,143.9444813,155.2373744,169.603473,166.6169067,188.3351008,178.9037145,190.230824,213.3657782,230.581596,243.6608194,252.5003133,272.3753624,296.2938001,289.1354359,270.0709638,308.5579937,335.7738691,350.0114489,382.7022652,424.8784856,459.9596612,550.2627098,663.2054076,750.781,766.788321,682.8287111,740.0806395,795.6266851,832.3078486,921.6203233,1031.461448,1168.478773,1326.089079,1580.719667,1977.307559,2418.506376,2655.776306,3117.915918,3662.05736,4142.982763,4480.938638,4824.563115,4978.092115,5063.757388,5504.46453,6001.478551,6148.208803,6118.486491,7160.38863,,,
Europe & Central Asia (IDA & IBRD countries),TEC,Adjusted net national income per capita (current US$),NY.ADJ.NNTY.PC.CD,,,,,,,,,,,,,,,,,,,,,,,,,,,,,,,,,1301.698151,1336.703833,1222.864665,1411.205073,1559.124347,1638.424013,1669.150618,1492.056603,1629.675643,1639.961506,1845.546393,2260.190422,2952.545483,3716.363584,4484.647824,5854.320078,7173.315527,5676.91042,6705.678485,8044.442102,8395.352537,8832.373014,8290.014276,6547.649384,6232.736054,6914.171621,7100.722667,7199.130881,6878.314541,7672.702416,,,
Togo,TGO,Adjusted net national income per capita (current US$),NY.ADJ.NNTY.PC.CD,,,,,,,,,,,,111.2056639,124.6329429,142.9210716,185.8898169,204.1837569,206.3824454,228.6211261,253.4590438,266.5996707,322.4354566,254.0578939,200.3776388,182.5137055,167.9590105,179.1651749,247.5105459,286.7960232,314.1689755,300.7283416,357.4579249,337.4903425,349.0849872,247.2347639,186.2215848,240.9430766,273.3656105,274.0730364,281.3905204,279.7186175,256.9812827,249.2092854,281.5317186,331.8954099,354.0076328,344.8072166,354.3623583,371.5131172,443.6002333,432.3898892,424.5348239,468.3321671,405.8366069,475.3310796,508.4966097,476.9920408,669.4150727,693.1036587,774.1827004,769.8722039,786.0325298,832.3096128,,,
Thailand,THA,Adjusted net national income per capita (current US$),NY.ADJ.NNTY.PC.CD,,,,,,,,,,,,183.635895,197.3922595,257.5301649,319.9501272,337.6364799,375.0159467,427.0617043,505.7977712,560.9890225,640.512737,668.9699574,686.5030454,740.4258748,748.8847054,675.0867179,730.3893642,846.2522189,1019.786091,1179.937367,1344.529443,1523.170494,1696.880699,1930.173961,2152.845856,2431.501805,2550.310943,1989.334719,1415.41707,1596.369894,1575.221775,1458.453245,1638.202214,1847.107582,2088.737261,2254.580598,2653.919763,3157.44993,3397.770779,3291.450426,3939.985541,4297.934477,4432.884851,4545.1396,4414.577523,4349.372479,4506.620698,4972.562722,5459.504922,5929.27341,5441.477226,5393.014574,,,
Tajikistan,TJK,Adjusted net national income per capita (current US$),NY.ADJ.NNTY.PC.CD,,,,,,,,,,,,,,,,,,,,,,,,,,,,,,,,,,,,,,,,,,,,,241.5495954,310.1248808,436.825204,610.3931626,837.2388867,741.826426,767.8384217,883.2219751,1034.250357,1120.975701,1169.443656,1029.792257,842.6704883,897.2774091,879.762205,891.0495738,850.7943696,908.5789359,,,
Turkmenistan,TKM,Adjusted net national income per capita (current US$),NY.ADJ.NNTY.PC.CD,,,,,,,,,,,,,,,,,,,,,,,,,,,,,,,,,,,,,,,486.4253621,392.0319903,263.4018215,299.9743419,476.3433139,653.6655297,753.6344968,774.4943697,940.4792941,1439.07028,1845.285123,2525.469192,2680.162775,3062.072637,,,,,,,4388.051047,5005.010907,,,,,
Latin America & the Caribbean (IDA & IBRD countries),TLA,Adjusted net national income per capita (current US$),NY.ADJ.NNTY.PC.CD,,,,,,,,,,,526.1034009,578.4153478,630.9582885,812.8361704,1017.053892,1035.973034,1119.712721,1206.460415,1323.53389,1500.427354,1753.023474,1994.244696,1782.660076,1481.651668,1450.8604,1403.441858,1405.232616,1443.168467,1608.261082,1731.620597,1978.551733,2164.328522,2348.476576,2709.545549,3116.639753,3323.729696,3573.553872,3854.202586,3802.866198,3295.469856,3564.60604,3432.379437,2986.560743,2968.875493,3358.632429,4003.303552,4676.386577,5530.309411,6355.659504,5889.040112,7179.186391,7938.731365,7874.942216,8056.679129,8136.166504,6827.925866,6551.814943,7261.590334,6935.539488,6795.867589,5685.097638,6323.349159,,,
Timor-Leste,TLS,Adjusted net national income per capita (current US$),NY.ADJ.NNTY.PC.CD,,,,,,,,,,,,,,,,,,,,,,,,,,,,,,,,,,,,,,,,,,,,694.6637648,,,,,,,,,,,,1341.249874,1217.249543,1241.932604,1022.910617,1406.78611,1201.193465,417.8528746,,,
"Middle East, North Africa, Afghanistan & Pakistan (IDA & IBRD)",TMN,Adjusted net national income per capita (current US$),NY.ADJ.NNTY.PC.CD,,,,,,,,,,,,,,,,,,,,,,,,,,,,,,,,,,707.1403523,725.2487048,844.091764,928.4982875,954.3962782,974.8655009,1008.657285,1053.000909,1065.333945,1042.990207,1113.017854,1279.42061,1428.951476,1636.46872,1971.400402,2328.286106,2314.804309,2571.20029,2601.390959,2738.062053,2513.919626,2478.827176,2325.393661,2413.447123,2350.512022,2179.340997,2128.173792,1975.525269,2201.562873,,,
Tonga,TON,Adjusted net national income per capita (current US$),NY.ADJ.NNTY.PC.CD,,,,,,,,,,,,,,,,,,,,,,632.3886226,625.430648,599.3863508,635.2997765,597.1517937,686.0302019,807.6727327,1078.403816,1038.172024,1087.868537,1259.334729,1293.912157,1304.355823,1898.940819,1945.694865,2085.175696,2023.865361,1808.755757,1859.291772,1851.121166,1611.797588,1650.191586,1788.693383,2032.753277,2261.409412,2580.046624,2615.278838,3017.228007,2769.194109,3225.14881,3620.136439,4115.879612,3944.054319,3796.402783,3788.995146,3649.471428,4143.648058,4503.783724,4809.504981,4551.759289,4284.021861,,,
South Asia (IDA & IBRD),TSA,Adjusted net national income per capita (current US$),NY.ADJ.NNTY.PC.CD,,,,,,,,,,,103.1052733,108.7468615,113.1229054,131.5968942,153.1895828,155.7255834,145.4015748,163.235506,181.6490638,199.4848332,237.7192424,241.2240907,239.780836,253.0228459,242.4238099,258.630086,270.1127766,293.9739379,306.4940275,299.4090923,316.8851526,266.5352613,277.3601597,268.1883729,304.5895789,329.225923,356.8670214,370.115478,370.3872802,391.0810683,389.7275606,396.1163078,411.4547639,474.0469516,536.5442188,604.8125696,676.6405738,850.6768202,832.1403321,931.4442835,1132.550573,1217.818161,1211.676065,1229.594692,1340.308199,1388.569478,1513.562917,1731.171802,1756.73658,1843.029872,1723.391773,1986.804051,,,
Sub-Saharan Africa (IDA & IBRD countries),TSS,Adjusted net national income per capita (current US$),NY.ADJ.NNTY.PC.CD,,,,,,,,,,,,175.4309781,191.1497637,238.2003539,289.9215079,311.4910073,326.3730842,335.19921,368.4462587,402.082857,524.6496035,810.0824203,719.9235727,602.8824912,508.5383139,448.1403757,445.8924889,485.7479834,497.7862171,469.1821457,515.138831,526.9801291,509.5044026,461.5441384,437.0368682,497.5045298,503.9472001,512.4627968,488.7350062,486.6403624,479.9501676,449.1205302,479.2167732,590.3849399,711.981912,807.3403247,942.8609269,1030.677484,1097.433553,1097.885159,1232.192495,1331.527714,1376.782968,1445.678038,1518.644228,1357.268454,1240.613467,1292.469088,1298.519114,1293.409653,1210.186347,1286.741922,,,
Trinidad and Tobago,TTO,Adjusted net national income per capita (current US$),NY.ADJ.NNTY.PC.CD,,,,,,,,,,,667.6236925,712.9821665,835.615718,998.958458,1082.117984,1589.143384,1515.063703,1984.844391,2425.496638,2398.195891,3431.156205,4049.738154,5884.149615,5341.487095,5044.794381,4572.301611,3016.879626,2642.465691,2637.120701,2268.750504,2638.801284,2980.088144,3024.50151,2611.69885,2734.100269,3006.756082,3030.002908,3178.654864,3583.114269,3855.598164,4388.697048,5016.714642,5043.678375,6103.074422,7681.103887,8752.366273,9592.657601,11792.31138,15740.66923,9958.838487,11680.76572,10886.18161,12059.24105,13773.05044,15701.42366,16451.3873,14102.53271,14519.08836,13749.06502,13523.1394,12394.72863,15142.81689,,,
Tunisia,TUN,Adjusted net national income per capita (current US$),NY.ADJ.NNTY.PC.CD,,,,,,,,,,,248.3416934,286.603343,372.7545555,435.3776358,540.3863909,643.5481155,644.3329245,698.3526929,800.337586,892.9999999,1061.763709,1016.143635,965.6802943,966.9091744,918.0569291,895.2140959,952.6500218,995.6557836,1031.27922,1006.671413,1226.783126,1254.761254,1331.546347,1207.470583,1289.772874,1488.527857,1582.670117,1705.839342,1790.630716,1863.041829,1703.897211,1767.723643,1825.171438,2170.66134,2434.28795,2432.283996,2574.365952,2807.897807,3090.027544,3059.180532,3274.44621,3334.694997,3220.765096,3324.960121,3531.509593,3310.484382,3211.36263,3021.434457,3052.033663,2994.614567,2982.867852,3285.419777,,,
Turkiye,TUR,Adjusted net national income per capita (current US$),NY.ADJ.NNTY.PC.CD,,,,,,,,,,,394.9774519,368.5973662,444.588802,549.4142389,745.0524289,919.5737785,1030.632845,1159.052662,1258.115119,1682.288525,1260.097884,1270.513892,1127.144454,1050.322273,997.0576281,1095.61526,1208.218982,1338.266653,1352.589079,1593.38026,2230.681101,2173.387737,2262.753153,2546.264286,1765.383707,2284.828069,2422.578773,2507.675948,3613.117621,3270.855101,3462.857709,2427.778493,2865.19202,3764.396763,4897.897688,6059.756637,6615.696296,8093.660402,9024.595807,7429.972224,8905.316612,9534.737344,9895.728768,10665.1872,10269.29341,9294.272812,9193.574206,8921.21122,8063.601198,7621.523127,7197.801955,,,,
Tuvalu,TUV,Adjusted net national income per capita (current US$),NY.ADJ.NNTY.PC.CD,,,,,,,,,,,,,,,,,,,,,,,,,,,,,,,,,,,,,,,,,,,,,,,,,,,,,,,,,,,,,,,,,
Tanzania,TZA,Adjusted net national income per capita (current US$),NY.ADJ.NNTY.PC.CD,,,,,,,,,,,,,,,,,,,,,,,,,,,,,157.853775,133.6710205,124.3268814,142.4710236,126.1844482,111.3617325,116.2911377,133.5236969,167.4888611,198.7685547,317.9620056,324.8400269,335.6389465,330.0507507,344.2910156,360.8492737,387.4746399,418.7593689,420.4526062,471.2026672,584.1497192,573.421936,590.6586914,597.9818726,629.6608887,745.8640137,820.1409912,776.3251343,794.6719971,837.1895142,895.0131226,953.7161865,938.8400879,971.6200562,,,
Uganda,UGA,Adjusted net national income per capita (current US$),NY.ADJ.NNTY.PC.CD,,,,,,,,,,,,,,,,,,,,,41.48646746,51.88158884,92.45785856,110.001848,195.3650603,189.76382,197.0178248,328.1583882,329.0385308,250.5347517,183.3430176,127.9398215,97.46500076,118.4316463,146.322698,204.7335519,211.2976898,219.3233634,224.8504869,208.9807124,206.2356263,184.722183,187.3961975,177.5389273,221.4589072,253.9935677,269.2743638,300.2745822,348.3095277,636.3101272,653.0955663,639.7257902,568.6087492,594.6382403,668.0269268,657.8987849,568.8978143,589.1034517,612.6487904,624.8227978,636.5044462,654.1257564,,,
Ukraine,UKR,Adjusted net national income per capita (current US$),NY.ADJ.NNTY.PC.CD,,,,,,,,,,,,,,,,,,,,,,,,,,,,,,,,,,,,728.5526733,676.7549438,775.7659912,650.3693848,486.0180969,488.0892639,609.4984741,689.9386597,820.3422852,1090.323242,1488.485474,1873.92688,2552.733154,3234.474121,2021.95105,2436.327393,2911.00708,3354.851318,3474.398926,2608.805908,1908.153442,1884.498535,2310.200928,2690.029785,3197.591553,3279.912598,3918.818359,,,
Upper middle income,UMC,Adjusted net national income per capita (current US$),NY.ADJ.NNTY.PC.CD,,,,,,,,,,,181.0561837,193.788728,214.8153052,273.6641767,329.5689183,355.8813668,374.0087143,409.2742006,425.9420925,484.6498204,542.6975233,596.9983477,577.5418749,552.9021066,568.0482104,576.2724058,594.0983522,573.3164603,623.1360766,673.6348449,789.5412982,841.7145043,914.28444,1027.848155,1158.262626,1305.94936,1430.109066,1503.189967,1458.165877,1384.633551,1487.818689,1466.918886,1470.618192,1621.493257,1877.762276,2190.998427,2568.178805,3144.505264,3700.945813,3700.180563,4402.960024,5099.405169,5439.871513,5698.889614,5888.992653,5643.783301,5624.665836,6134.556614,6367.01733,6419.064765,6114.730317,7132.017598,,,
Uruguay,URY,Adjusted net national income per capita (current US$),NY.ADJ.NNTY.PC.CD,,,,,,,,,,,,954.6497337,736.1389541,1247.694919,1359.605859,1142.322238,1173.737406,1312.29943,1555.902491,2284.022863,3117.79521,3505.625712,2849.174368,1539.171676,1431.540527,1395.503906,1799.242641,2288.912866,2535.909723,2579.487582,2830.997907,3452.62054,3993.363083,4633.267926,5375.08643,5887.171422,6251.912403,7292.200519,7677.596286,7215.747215,6809.492165,6205.308871,4044.413154,3410.359135,3875.767958,5007.39033,5685.940948,6805.544105,8730.593405,8967.094027,11308.97784,13377.31684,13468.91506,15370.21844,15010.86559,14193.59504,15101.85091,16722.18288,16601.63337,15913.77644,13782.90335,14718.58787,,,
United States,USA,Adjusted net national income per capita (current US$),NY.ADJ.NNTY.PC.CD,,,,,,,,,,,4553.443166,4862.801957,5308.059146,5879.222097,6121.835494,6530.889097,7209.041869,7948.156401,8893.574278,9517.841073,10117.11807,11452.0575,12043.7069,12770.51649,14283.90477,15165.04548,15855.90101,16750.11097,18162.28725,19138.55689,19905.26284,20284.23992,21195.53703,21893.2226,23103.5614,24106.77323,25325.97471,26804.18722,28277.59509,29584.42158,31166.93814,31888.81803,32505.7038,33555.33896,35535.1869,37454.47225,39721.62665,40525.81975,40165.55098,39149.31115,41121.48352,42638.6497,44694.93835,45618.93203,47503.26405,48913.8531,49368.5133,51237.79525,53580.85067,55301.01217,53863.90162,58997.33559,,,
Uzbekistan,UZB,Adjusted net national income per capita (current US$),NY.ADJ.NNTY.PC.CD,,,,,,,,,,,,,,,,,,,,,,,,,,,,,,,,,,,,,,,561.9275576,623.8776465,447.1572794,332.2851253,290.6286671,297.2458974,363.0767193,440.8455344,478.5375347,664.2720049,821.0917071,974.8562362,1441.565399,1667.130847,1846.513676,2003.062648,2239.184568,2416.422237,2358.76136,1651.417158,1303.397179,1473.215641,1422.760022,1457.846759,,,
St. Vincent and the Grenadines,VCT,Adjusted net national income per capita (current US$),NY.ADJ.NNTY.PC.CD,,,,,,,,,,,,,,,,,,,,,752.0015383,929.9472152,1010.28137,1085.867887,1187.262945,1271.110321,1347.925245,1507.485158,1658.43963,1808.056929,1977.95869,2098.945153,2325.910326,2388.103853,2384.976487,2608.48965,2758.231581,2858.927171,3057.698376,3135.105549,3473.208997,3749.9706,3955.947858,4076.889763,4356.004257,4601.271401,5164.923175,5722.737867,5819.62293,5637.120225,5506.987969,5313.958061,5473.700902,5779.799842,5647.289401,6049.354408,6361.829231,6669.056999,7042.600967,7227.394702,6985.740638,7285.53157,,,
"Venezuela, RB",VEN,Adjusted net national income per capita (current US$),NY.ADJ.NNTY.PC.CD,,,,,,,,,,,832.8718752,868.8522031,931.5611162,1056.494281,1262.687109,1512.836897,1713.220308,2000.197963,2064.420723,1984.040877,2470.303916,2963.813694,3108.496939,2895.789366,2488.434129,2652.837771,2579.468203,1931.190398,2439.922801,1566.813897,1761.65372,2026.770788,2241.141315,2129.295422,1976.005004,2617.862626,2221.4777,2722.33529,2913.78572,3064.793366,3632.817458,3753.211874,2667.219332,2339.056818,3194.695872,4167.885582,5354.098955,6947.265959,9503.107003,9434.800587,11022.35981,8367.275374,9824.771469,9236.170428,11724.28452,,,,,,,,,,
British Virgin Islands,VGB,Adjusted net national income per capita (current US$),NY.ADJ.NNTY.PC.CD,,,,,,,,,,,,,,,,,,,,,,,,,,,,,,,,,,,,,,,,,,,,,,,,,,,,,,,,,,,,,,,,,
Virgin Islands (U.S.),VIR,Adjusted net national income per capita (current US$),NY.ADJ.NNTY.PC.CD,,,,,,,,,,,,,,,,,,,,,,,,,,,,,,,,,,,,,,,,,,,,,,,,,,,,,,,,,,,,,,,,,
Viet Nam,VNM,Adjusted net national income per capita (current US$),NY.ADJ.NNTY.PC.CD,,,,,,,,,,,,,,,,,,,,,,,,,,,,,,92.97522665,83.92303587,127.0319198,128.8373288,170.3165966,210.8106391,270.6232247,313.5965242,334.5196247,333.3819387,338.8124753,349.7601056,363.3395541,382.4534509,417.9816149,449.3319596,552.1210515,617.7127223,716.6216973,887.3959773,935.3948592,1318.759792,1527.122971,1725.808355,1888.890552,2051.713748,2079.359058,2203.400769,2375.675912,2612.747342,2788.685752,2898.327793,2992.415375,,,
Vanuatu,VUT,Adjusted net national income per capita (current US$),NY.ADJ.NNTY.PC.CD,,,,,,,,,,,,,,,,,,,,,826.9514489,759.2379316,709.6624638,751.9822286,922.3816069,842.8059629,821.0531873,786.7497645,915.2297565,941.602008,1040.50619,1062.992252,1046.570513,981.1002458,1092.151437,1147.743089,1216.734793,1263.072054,1306.912418,1325.211104,1270.404763,1223.256503,1177.410311,1366.620841,1539.462988,1600.482607,1783.602228,2035.047069,2385.712894,2233.925355,2470.055926,2804.422824,2591.608707,2741.092639,2771.329735,2568.121145,2695.370783,2892.488024,3029.919296,3213.102809,3045.286219,3159.757428,,,
World,WLD,Adjusted net national income per capita (current US$),NY.ADJ.NNTY.PC.CD,,,,,,,,,,,695.9141924,751.0947675,849.0283088,1012.605866,1116.621039,1219.205644,1299.196048,1439.247033,1670.328689,1859.725545,2036.921127,2085.422779,2041.170393,2036.721789,2087.46583,2148.613251,2507.823655,2795.833444,3094.493456,3163.270818,3486.447681,3611.740733,3818.852366,3806.060295,4062.348505,4457.988366,4510.045706,4443.133403,4396.706488,4484.4198,4552.530151,4471.073339,4576.290368,5056.196012,5629.335841,5998.586071,6441.652409,7131.63267,7605.159235,7152.595515,7758.973476,8437.718784,8561.779845,8680.571639,8848.170938,8281.787443,8314.003739,8758.384572,9130.87377,9155.38345,8730.716859,9707.587982,,,
Samoa,WSM,Adjusted net national income per capita (current US$),NY.ADJ.NNTY.PC.CD,,,,,,,,,,,,,,,,,,,,,,,493.7333519,458.0016031,409.6216953,348.9647568,371.35483,419.2797662,467.6755636,424.2961928,448.3673782,439.9833258,,,,,,,,,,,1263.563406,1473.606549,1806.098635,2099.38382,2209.883294,2568.687671,2859.982689,2839.029542,3096.99519,3341.714241,3469.684444,3547.708986,3484.399122,3630.760116,3680.720276,3802.331101,3743.020515,3824.031614,3606.045317,3538.935249,,,
Kosovo,XKX,Adjusted net national income per capita (current US$),NY.ADJ.NNTY.PC.CD,,,,,,,,,,,,,,,,,,,,,,,,,,,,,,,,,,,,,,,,,,,,,,,,,,,,,,,,,,,,,,,,,
"Yemen, Rep.",YEM,Adjusted net national income per capita (current US$),NY.ADJ.NNTY.PC.CD,,,,,,,,,,,,,,,,,,,,,,,,,,,,,,,331.7234867,329.4442916,370.5567049,286.6124092,184.264942,170.378069,217.024579,260.7239039,260.1218054,270.850602,294.4873502,323.1074451,344.4335188,358.7484271,389.639771,432.5736355,509.3201396,590.0895152,697.8042408,741.2167997,857.1108131,889.4932089,1019.784909,1172.308931,1215.004171,1250.517222,927.1029832,770.6079053,601.5411983,,,,,,
South Africa,ZAF,Adjusted net national income per capita (current US$),NY.ADJ.NNTY.PC.CD,,,,,,,,,,,,863.7837363,871.9039166,1157.031979,1382.435364,1357.430225,1238.181819,1311.638778,1451.745143,1689.681301,2266.171516,2306.439532,2032.198371,2206.459628,1943.049277,1346.514136,1489.130604,1957.76425,2070.594355,2102.397142,2404.139913,2577.597,2801.948645,2781.725117,2865.268321,3194.258438,2987.536621,3075.717984,2750.174268,2691.516802,2656.255219,2312.452656,2209.876856,3386.636008,4357.490438,4881.940272,5045.059192,5334.009921,4767.058876,5202.784033,6452.335363,6933.299803,6513.706762,5889.120635,5559.071006,5051.035038,4613.220186,5410.82562,5615.654521,5311.804417,4522.840013,5520.947991,,,
Zambia,ZMB,Adjusted net national income per capita (current US$),NY.ADJ.NNTY.PC.CD,,,,,,,,,,,,257.9022369,280.3676143,268.8380242,406.4416835,358.0772594,349.5073482,330.4563121,372.8643783,403.6668065,458.7958401,513.8829087,496.0371343,379.4988346,294.6557135,228.1163037,126.5990503,181.7174255,307.2152254,321.1745858,259.9084469,278.9874872,261.7427726,278.9561569,314.0132476,309.8398586,286.6403332,341.4121437,265.2868735,261.4018076,257.421406,294.5627641,289.6315036,319.3512761,377.8136087,486.0395178,682.221142,688.9416634,940.0236135,833.9740001,986.1610108,1169.48492,1329.507915,1394.072511,1361.683462,1040.468773,979.9608635,1129.386356,1134.046099,1003.095119,693.4253618,610.5562004,,,
Zimbabwe,ZWE,Adjusted net national income per capita (current US$),NY.ADJ.NNTY.PC.CD,,,,,,,,,,,,350.983483,424.2479355,510.2947693,587.3583709,618.6695202,578.0295321,560.7247358,570.002646,659.6734478,761.7746701,912.9419331,861.9041676,767.742749,632.8910393,530.1324167,532.0662144,545.9837201,612.1408919,659.4890874,654.9191417,602.0689496,425.7690672,423.9147298,411.4944709,400.6947997,519.953807,457.2738971,282.0114137,336.3213895,306.8336915,331.363073,312.8560053,266.4508583,229.5680314,223.8281877,158.2359461,119.8595194,18.52529163,563.2620761,701.6964226,765.5660014,938.1854174,1082.237729,1055.123316,1069.742692,1071.235676,903.8725748,1982.943538,1224.803942,1171.848837,1490.550309,,,
